Workbook

Sheet Painel
A1: Painel de Estoque — LX03
A2: Barry Callebaut · Estoque por posição no depósito (fonte: SAP LX03) — os cartões, gráficos e tabelas abaixo mudam sozinhos ao trocar os filtros ou ao rodar a atualização diária.
A3: =CONCATENATE("Última atualização: ",Parametros!$B$5," · Arquivo: ",Parametros!$B$6) -> Última atualização: 20/09/2026 21:12 · Arquivo: lx03_2026-09-20.xlsx
A4: FILTROS (selecione para atualizar todo o painel)
A5: Tipo de Depósito: | B5: (Todos) | D5: Centro: | E5: (Todos) | G5: Alerta: | H5: (Todos)
A7: INDICADORES GERAIS (conforme filtro selecionado acima)
A8: TOTAL EM KG | C8: TOTAL EM UN | E8: POSIÇÕES OCUPADAS | G8: POSIÇÕES VAZIAS | I8: TAXA DE OCUPAÇÃO | K8: MATERIAIS ÚNICOS (armazém)
A9: =SUMPRODUCT((Dados_SAP!$K$2:$K$10543="KG")*((Painel!$B$5="(Todos)")+(Dados_SAP!$A$2:$A$10543=Painel!$B$5)>0)*((Painel!$E$5="(Todos)")+(Dados_SAP!$P$2:$P$10543=Painel!$E$5)>0)*((Painel!$H$5="(Todos)")+(Dados_SAP!$S$2:$S$10543=Painel!$H$5)>0),Dados_SAP!$J$2:$J$10543) -> 4644718.8 | C9: =SUMPRODUCT((Dados_SAP!$K$2:$K$10543="UN")*((Painel!$B$5="(Todos)")+(Dados_SAP!$A$2:$A$10543=Painel!$B$5)>0)*((Painel!$E$5="(Todos)")+(Dados_SAP!$P$2:$P$10543=Painel!$E$5)>0)*((Painel!$H$5="(Todos)")+(Dados_SAP!$S$2:$S$10543=Painel!$H$5)>0),Dados_SAP!$J$2:$J$10543) -> 6163440.7 | E9: =SUMPRODUCT((Dados_SAP!$S$2:$S$10543<>"VAZIA")*((Painel!$B$5="(Todos)")+(Dados_SAP!$A$2:$A$10543=Painel!$B$5)>0)*((Painel!$E$5="(Todos)")+(Dados_SAP!$P$2:$P$10543=Painel!$E$5)>0)*((Painel!$H$5="(Todos)")+(Dados_SAP!$S$2:$S$10543=Painel!$H$5)>0)) -> 8762 | G9: =SUMPRODUCT((Dados_SAP!$S$2:$S$10543="VAZIA")*((Painel!$B$5="(Todos)")+(Dados_SAP!$A$2:$A$10543=Painel!$B$5)>0)*((Painel!$E$5="(Todos)")+(Dados_SAP!$P$2:$P$10543=Painel!$E$5)>0)*((Painel!$H$5="(Todos)")+(Dados_SAP!$S$2:$S$10543=Painel!$H$5)>0)) -> 1780 | I9: =IFERROR(SUMPRODUCT((Dados_SAP!$S$2:$S$10543<>"VAZIA")*((Painel!$B$5="(Todos)")+(Dados_SAP!$A$2:$A$10543=Painel!$B$5)>0)*((Painel!$E$5="(Todos)")+(Dados_SAP!$P$2:$P$10543=Painel!$E$5)>0)*((Painel!$H$5="(Todos)")+(Dados_SAP!$S$2:$S$10543=Painel!$H$5)>0))/(SUMPRODUCT((Dados_SAP!$S$2:$S$10543<>"VAZIA")*((Painel!$B$5="(Todos)")+(Dados_SAP!$A$2:$A$10543=Painel!$B$5)>0)*((Painel!$E$5="(Todos)")+(Dados_SAP!$P$2:$P$10543=Painel!$E$5)>0)*((Painel!$H$5="(Todos)")+(Dados_SAP!$S$2:$S$10543=Painel!$H$5)>0))+SUMPRODUCT((Dados_SAP!$S$2:$S$10543="VAZIA")*((Painel!$B$5="(Todos)")+(Dados_SAP!$A$2:$A$10543=Painel!$B$5)>0)*((Painel!$E$5="(Todos)")+(Dados_SAP!$P$2:$P$10543=Painel!$E$5)>0)*((Painel!$H$5="(Todos)")+(Dados_SAP!$S$2:$S$10543=Painel!$H$5)>0))),0) -> 0.83115158 | K9: 396
A11: PONTOS DE ATENÇÃO (conforme filtro de Tipo de Depósito e Centro)
A12: Categoria | C12: O que significa | H12: Qtd. Posições | J12: Peso (kg) | L12: % do KG filtrado | M12: Status
A13: VENCIDO | C13: Material já venceu | H13: =SUMPRODUCT((Dados_SAP!$S$2:$S$10543="VENCIDO")*((Painel!$B$5="(Todos)")+(Dados_SAP!$A$2:$A$10543=Painel!$B$5)>0)*((Painel!$E$5="(Todos)")+(Dados_SAP!$P$2:$P$10543=Painel!$E$5)>0)) -> 503 | J13: =SUMPRODUCT((Dados_SAP!$S$2:$S$10543="VENCIDO")*(Dados_SAP!$K$2:$K$10543="KG")*((Painel!$B$5="(Todos)")+(Dados_SAP!$A$2:$A$10543=Painel!$B$5)>0)*((Painel!$E$5="(Todos)")+(Dados_SAP!$P$2:$P$10543=Painel!$E$5)>0),Dados_SAP!$J$2:$J$10543) -> 51364.234 | L13: =IFERROR(SUMPRODUCT((Dados_SAP!$S$2:$S$10543="VENCIDO")*(Dados_SAP!$K$2:$K$10543="KG")*((Painel!$B$5="(Todos)")+(Dados_SAP!$A$2:$A$10543=Painel!$B$5)>0)*((Painel!$E$5="(Todos)")+(Dados_SAP!$P$2:$P$10543=Painel!$E$5)>0),Dados_SAP!$J$2:$J$10543)/SUMPRODUCT((Dados_SAP!$K$2:$K$10543="KG")*((Painel!$B$5="(Todos)")+(Dados_SAP!$A$2:$A$10543=Painel!$B$5)>0)*((Painel!$E$5="(Todos)")+(Dados_SAP!$P$2:$P$10543=Painel!$E$5)>0),Dados_SAP!$J$2:$J$10543),0) -> 0.011058631 | M13: =IF(H13>0,"🔴 ALERTA","✅ OK") -> 🔴 ALERTA
A14: PRÓX. VENCIMENTO | C14: Vence em breve | H14: =SUMPRODUCT((Dados_SAP!$S$2:$S$10543="PRÓX. VENCIMENTO")*((Painel!$B$5="(Todos)")+(Dados_SAP!$A$2:$A$10543=Painel!$B$5)>0)*((Painel!$E$5="(Todos)")+(Dados_SAP!$P$2:$P$10543=Painel!$E$5)>0)) -> 405 | J14: =SUMPRODUCT((Dados_SAP!$S$2:$S$10543="PRÓX. VENCIMENTO")*(Dados_SAP!$K$2:$K$10543="KG")*((Painel!$B$5="(Todos)")+(Dados_SAP!$A$2:$A$10543=Painel!$B$5)>0)*((Painel!$E$5="(Todos)")+(Dados_SAP!$P$2:$P$10543=Painel!$E$5)>0),Dados_SAP!$J$2:$J$10543) -> 88737.899 | L14: =IFERROR(SUMPRODUCT((Dados_SAP!$S$2:$S$10543="PRÓX. VENCIMENTO")*(Dados_SAP!$K$2:$K$10543="KG")*((Painel!$B$5="(Todos)")+(Dados_SAP!$A$2:$A$10543=Painel!$B$5)>0)*((Painel!$E$5="(Todos)")+(Dados_SAP!$P$2:$P$10543=Painel!$E$5)>0),Dados_SAP!$J$2:$J$10543)/SUMPRODUCT((Dados_SAP!$K$2:$K$10543="KG")*((Painel!$B$5="(Todos)")+(Dados_SAP!$A$2:$A$10543=Painel!$B$5)>0)*((Painel!$E$5="(Todos)")+(Dados_SAP!$P$2:$P$10543=Painel!$E$5)>0),Dados_SAP!$J$2:$J$10543),0) -> 0.019105117 | M14: =IF(H14>0,"🟡 ATENÇÃO","✅ OK") -> 🟡 ATENÇÃO
A15: QUALIDADE | C15: Em inspeção de qualidade | H15: =SUMPRODUCT((Dados_SAP!$S$2:$S$10543="QUALIDADE")*((Painel!$B$5="(Todos)")+(Dados_SAP!$A$2:$A$10543=Painel!$B$5)>0)*((Painel!$E$5="(Todos)")+(Dados_SAP!$P$2:$P$10543=Painel!$E$5)>0)) -> 1063 | J15: =SUMPRODUCT((Dados_SAP!$S$2:$S$10543="QUALIDADE")*(Dados_SAP!$K$2:$K$10543="KG")*((Painel!$B$5="(Todos)")+(Dados_SAP!$A$2:$A$10543=Painel!$B$5)>0)*((Painel!$E$5="(Todos)")+(Dados_SAP!$P$2:$P$10543=Painel!$E$5)>0),Dados_SAP!$J$2:$J$10543) -> 662047.19 | L15: =IFERROR(SUMPRODUCT((Dados_SAP!$S$2:$S$10543="QUALIDADE")*(Dados_SAP!$K$2:$K$10543="KG")*((Painel!$B$5="(Todos)")+(Dados_SAP!$A$2:$A$10543=Painel!$B$5)>0)*((Painel!$E$5="(Todos)")+(Dados_SAP!$P$2:$P$10543=Painel!$E$5)>0),Dados_SAP!$J$2:$J$10543)/SUMPRODUCT((Dados_SAP!$K$2:$K$10543="KG")*((Painel!$B$5="(Todos)")+(Dados_SAP!$A$2:$A$10543=Painel!$B$5)>0)*((Painel!$E$5="(Todos)")+(Dados_SAP!$P$2:$P$10543=Painel!$E$5)>0),Dados_SAP!$J$2:$J$10543),0) -> 0.14253763 | M15: =IF(H15>0,"🔴 ALERTA","✅ OK") -> 🔴 ALERTA
A16: BLOQUEADO | C16: Bloqueado para uso | H16: =SUMPRODUCT((Dados_SAP!$S$2:$S$10543="BLOQUEADO")*((Painel!$B$5="(Todos)")+(Dados_SAP!$A$2:$A$10543=Painel!$B$5)>0)*((Painel!$E$5="(Todos)")+(Dados_SAP!$P$2:$P$10543=Painel!$E$5)>0)) -> 593 | J16: =SUMPRODUCT((Dados_SAP!$S$2:$S$10543="BLOQUEADO")*(Dados_SAP!$K$2:$K$10543="KG")*((Painel!$B$5="(Todos)")+(Dados_SAP!$A$2:$A$10543=Painel!$B$5)>0)*((Painel!$E$5="(Todos)")+(Dados_SAP!$P$2:$P$10543=Painel!$E$5)>0),Dados_SAP!$J$2:$J$10543) -> 171647.12 | L16: =IFERROR(SUMPRODUCT((Dados_SAP!$S$2:$S$10543="BLOQUEADO")*(Dados_SAP!$K$2:$K$10543="KG")*((Painel!$B$5="(Todos)")+(Dados_SAP!$A$2:$A$10543=Painel!$B$5)>0)*((Painel!$E$5="(Todos)")+(Dados_SAP!$P$2:$P$10543=Painel!$E$5)>0),Dados_SAP!$J$2:$J$10543)/SUMPRODUCT((Dados_SAP!$K$2:$K$10543="KG")*((Painel!$B$5="(Todos)")+(Dados_SAP!$A$2:$A$10543=Painel!$B$5)>0)*((Painel!$E$5="(Todos)")+(Dados_SAP!$P$2:$P$10543=Painel!$E$5)>0),Dados_SAP!$J$2:$J$10543),0) -> 0.03695533 | M16: =IF(H16>0,"🔴 ALERTA","✅ OK") -> 🔴 ALERTA
A17: RESTRITO/DEVOLUÇÃO | C17: Estoque restrito/devolução | H17: =SUMPRODUCT((Dados_SAP!$S$2:$S$10543="RESTRITO/DEVOLUÇÃO")*((Painel!$B$5="(Todos)")+(Dados_SAP!$A$2:$A$10543=Painel!$B$5)>0)*((Painel!$E$5="(Todos)")+(Dados_SAP!$P$2:$P$10543=Painel!$E$5)>0)) -> 615 | J17: =SUMPRODUCT((Dados_SAP!$S$2:$S$10543="RESTRITO/DEVOLUÇÃO")*(Dados_SAP!$K$2:$K$10543="KG")*((Painel!$B$5="(Todos)")+(Dados_SAP!$A$2:$A$10543=Painel!$B$5)>0)*((Painel!$E$5="(Todos)")+(Dados_SAP!$P$2:$P$10543=Painel!$E$5)>0),Dados_SAP!$J$2:$J$10543) -> 98943.09 | L17: =IFERROR(SUMPRODUCT((Dados_SAP!$S$2:$S$10543="RESTRITO/DEVOLUÇÃO")*(Dados_SAP!$K$2:$K$10543="KG")*((Painel!$B$5="(Todos)")+(Dados_SAP!$A$2:$A$10543=Painel!$B$5)>0)*((Painel!$E$5="(Todos)")+(Dados_SAP!$P$2:$P$10543=Painel!$E$5)>0),Dados_SAP!$J$2:$J$10543)/SUMPRODUCT((Dados_SAP!$K$2:$K$10543="KG")*((Painel!$B$5="(Todos)")+(Dados_SAP!$A$2:$A$10543=Painel!$B$5)>0)*((Painel!$E$5="(Todos)")+(Dados_SAP!$P$2:$P$10543=Painel!$E$5)>0),Dados_SAP!$J$2:$J$10543),0) -> 0.021302278 | M17: =IF(H17>0,"🔴 ALERTA","✅ OK") -> 🔴 ALERTA
A18: QUARENTENA | C18: Em quarentena | H18: =SUMPRODUCT((Dados_SAP!$S$2:$S$10543="QUARENTENA")*((Painel!$B$5="(Todos)")+(Dados_SAP!$A$2:$A$10543=Painel!$B$5)>0)*((Painel!$E$5="(Todos)")+(Dados_SAP!$P$2:$P$10543=Painel!$E$5)>0)) -> 94 | J18: =SUMPRODUCT((Dados_SAP!$S$2:$S$10543="QUARENTENA")*(Dados_SAP!$K$2:$K$10543="KG")*((Painel!$B$5="(Todos)")+(Dados_SAP!$A$2:$A$10543=Painel!$B$5)>0)*((Painel!$E$5="(Todos)")+(Dados_SAP!$P$2:$P$10543=Painel!$E$5)>0),Dados_SAP!$J$2:$J$10543) -> 14100 | L18: =IFERROR(SUMPRODUCT((Dados_SAP!$S$2:$S$10543="QUARENTENA")*(Dados_SAP!$K$2:$K$10543="KG")*((Painel!$B$5="(Todos)")+(Dados_SAP!$A$2:$A$10543=Painel!$B$5)>0)*((Painel!$E$5="(Todos)")+(Dados_SAP!$P$2:$P$10543=Painel!$E$5)>0),Dados_SAP!$J$2:$J$10543)/SUMPRODUCT((Dados_SAP!$K$2:$K$10543="KG")*((Painel!$B$5="(Todos)")+(Dados_SAP!$A$2:$A$10543=Painel!$B$5)>0)*((Painel!$E$5="(Todos)")+(Dados_SAP!$P$2:$P$10543=Painel!$E$5)>0),Dados_SAP!$J$2:$J$10543),0) -> 0.0030357058 | M18: =IF(H18>0,"🔴 ALERTA","✅ OK") -> 🔴 ALERTA
A19: DESCARTE/DEVOLUÇÃO | C19: Em posição de descarte/devolução | H19: =SUMPRODUCT((Dados_SAP!$S$2:$S$10543="DESCARTE/DEVOLUÇÃO")*((Painel!$B$5="(Todos)")+(Dados_SAP!$A$2:$A$10543=Painel!$B$5)>0)*((Painel!$E$5="(Todos)")+(Dados_SAP!$P$2:$P$10543=Painel!$E$5)>0)) -> 19 | J19: =SUMPRODUCT((Dados_SAP!$S$2:$S$10543="DESCARTE/DEVOLUÇÃO")*(Dados_SAP!$K$2:$K$10543="KG")*((Painel!$B$5="(Todos)")+(Dados_SAP!$A$2:$A$10543=Painel!$B$5)>0)*((Painel!$E$5="(Todos)")+(Dados_SAP!$P$2:$P$10543=Painel!$E$5)>0),Dados_SAP!$J$2:$J$10543) -> 1996.5 | L19: =IFERROR(SUMPRODUCT((Dados_SAP!$S$2:$S$10543="DESCARTE/DEVOLUÇÃO")*(Dados_SAP!$K$2:$K$10543="KG")*((Painel!$B$5="(Todos)")+(Dados_SAP!$A$2:$A$10543=Painel!$B$5)>0)*((Painel!$E$5="(Todos)")+(Dados_SAP!$P$2:$P$10543=Painel!$E$5)>0),Dados_SAP!$J$2:$J$10543)/SUMPRODUCT((Dados_SAP!$K$2:$K$10543="KG")*((Painel!$B$5="(Todos)")+(Dados_SAP!$A$2:$A$10543=Painel!$B$5)>0)*((Painel!$E$5="(Todos)")+(Dados_SAP!$P$2:$P$10543=Painel!$E$5)>0),Dados_SAP!$J$2:$J$10543),0) -> 0.00042984303 | M19: =IF(H19>0,"🔴 ALERTA","✅ OK") -> 🔴 ALERTA
A20: SEM LOTE | C20: Sem lote (falta de rastreabilidade) | H20: =SUMPRODUCT((Dados_SAP!$S$2:$S$10543="SEM LOTE")*((Painel!$B$5="(Todos)")+(Dados_SAP!$A$2:$A$10543=Painel!$B$5)>0)*((Painel!$E$5="(Todos)")+(Dados_SAP!$P$2:$P$10543=Painel!$E$5)>0)) -> 232 | J20: =SUMPRODUCT((Dados_SAP!$S$2:$S$10543="SEM LOTE")*(Dados_SAP!$K$2:$K$10543="KG")*((Painel!$B$5="(Todos)")+(Dados_SAP!$A$2:$A$10543=Painel!$B$5)>0)*((Painel!$E$5="(Todos)")+(Dados_SAP!$P$2:$P$10543=Painel!$E$5)>0),Dados_SAP!$J$2:$J$10543) -> 2347.7 | L20: =IFERROR(SUMPRODUCT((Dados_SAP!$S$2:$S$10543="SEM LOTE")*(Dados_SAP!$K$2:$K$10543="KG")*((Painel!$B$5="(Todos)")+(Dados_SAP!$A$2:$A$10543=Painel!$B$5)>0)*((Painel!$E$5="(Todos)")+(Dados_SAP!$P$2:$P$10543=Painel!$E$5)>0),Dados_SAP!$J$2:$J$10543)/SUMPRODUCT((Dados_SAP!$K$2:$K$10543="KG")*((Painel!$B$5="(Todos)")+(Dados_SAP!$A$2:$A$10543=Painel!$B$5)>0)*((Painel!$E$5="(Todos)")+(Dados_SAP!$P$2:$P$10543=Painel!$E$5)>0),Dados_SAP!$J$2:$J$10543),0) -> 0.00050545578 | M20: =IF(H20>0,"🔴 ALERTA","✅ OK") -> 🔴 ALERTA
A21: PARADO/SEM GIRO | C21: Sem movimento há muito tempo | H21: =SUMPRODUCT((Dados_SAP!$S$2:$S$10543="PARADO/SEM GIRO")*((Painel!$B$5="(Todos)")+(Dados_SAP!$A$2:$A$10543=Painel!$B$5)>0)*((Painel!$E$5="(Todos)")+(Dados_SAP!$P$2:$P$10543=Painel!$E$5)>0)) -> 602 | J21: =SUMPRODUCT((Dados_SAP!$S$2:$S$10543="PARADO/SEM GIRO")*(Dados_SAP!$K$2:$K$10543="KG")*((Painel!$B$5="(Todos)")+(Dados_SAP!$A$2:$A$10543=Painel!$B$5)>0)*((Painel!$E$5="(Todos)")+(Dados_SAP!$P$2:$P$10543=Painel!$E$5)>0),Dados_SAP!$J$2:$J$10543) -> 351142.17 | L21: =IFERROR(SUMPRODUCT((Dados_SAP!$S$2:$S$10543="PARADO/SEM GIRO")*(Dados_SAP!$K$2:$K$10543="KG")*((Painel!$B$5="(Todos)")+(Dados_SAP!$A$2:$A$10543=Painel!$B$5)>0)*((Painel!$E$5="(Todos)")+(Dados_SAP!$P$2:$P$10543=Painel!$E$5)>0),Dados_SAP!$J$2:$J$10543)/SUMPRODUCT((Dados_SAP!$K$2:$K$10543="KG")*((Painel!$B$5="(Todos)")+(Dados_SAP!$A$2:$A$10543=Painel!$B$5)>0)*((Painel!$E$5="(Todos)")+(Dados_SAP!$P$2:$P$10543=Painel!$E$5)>0),Dados_SAP!$J$2:$J$10543),0) -> 0.075600307 | M21: =IF(H21>0,"🔴 ALERTA","✅ OK") -> 🔴 ALERTA
A23: Estoque (kg) por Tipo de Depósito
A61: TOP 10 — MAIOR ESTOQUE PARADO/SEM GIRO (kg) | H61: TOP 10 — MAIOR ESTOQUE VENCIDO (kg)
A62: Material | B62: Lote | C62: Posição | D62: Tipo Dep. | E62: kg | F62: Dias parado | H62: Material | I62: Lote | J62: Posição | K62: Tipo Dep. | L62: kg | M62: Dias vencido
A63: =IF(E63="","",INDEX(Dados_SAP!$C$2:$C$10543,MATCH(E63,Dados_SAP!$T$2:$T$10543,0))) -> RW000 | B63: =IF(E63="","",INDEX(Dados_SAP!$D$2:$D$10543,MATCH(E63,Dados_SAP!$T$2:$T$10543,0))) -> A26041-202 | C63: =IF(E63="","",INDEX(Dados_SAP!$B$2:$B$10543,MATCH(E63,Dados_SAP!$T$2:$T$10543,0))) -> 06-91-C | D63: =IF(E63="","",INDEX(Dados_SAP!$A$2:$A$10543,MATCH(E63,Dados_SAP!$T$2:$T$10543,0))) -> FGF | E63: =IFERROR(LARGE(Dados_SAP!$T$2:$T$10543,1),"") -> 1105.0002 | F63: =IF(E63="","",INDEX(Dados_SAP!$Q$2:$Q$10543,MATCH(E63,Dados_SAP!$T$2:$T$10543,0))) -> 213 | H63: =IF(L63="","",INDEX(Dados_SAP!$C$2:$C$10543,MATCH(L63,Dados_SAP!$U$2:$U$10543,0))) -> CHD-VR-7170405-A99 | I63: =IF(L63="","",INDEX(Dados_SAP!$D$2:$D$10543,MATCH(L63,Dados_SAP!$U$2:$U$10543,0))) -> 523115-01 | J63: =IF(L63="","",INDEX(Dados_SAP!$B$2:$B$10543,MATCH(L63,Dados_SAP!$U$2:$U$10543,0))) -> 01-PISO-A | K63: =IF(L63="","",INDEX(Dados_SAP!$A$2:$A$10543,MATCH(L63,Dados_SAP!$U$2:$U$10543,0))) -> PK1 | L63: =IFERROR(LARGE(Dados_SAP!$U$2:$U$10543,1),"") -> 3730.0008 | M63: =IF(L63="","",-INDEX(Dados_SAP!$R$2:$R$10543,MATCH(L63,Dados_SAP!$U$2:$U$10543,0))) -> 513
A64: =IF(E64="","",INDEX(Dados_SAP!$C$2:$C$10543,MATCH(E64,Dados_SAP!$T$2:$T$10543,0))) -> ILM-BL-0011021-A12 | B64: =IF(E64="","",INDEX(Dados_SAP!$D$2:$D$10543,MATCH(E64,Dados_SAP!$T$2:$T$10543,0))) -> A26158-01 | C64: =IF(E64="","",INDEX(Dados_SAP!$B$2:$B$10543,MATCH(E64,Dados_SAP!$T$2:$T$10543,0))) -> 15-117-D | D64: =IF(E64="","",INDEX(Dados_SAP!$A$2:$A$10543,MATCH(E64,Dados_SAP!$T$2:$T$10543,0))) -> FM1 | E64: =IFERROR(LARGE(Dados_SAP!$T$2:$T$10543,2),"") -> 1102.5008 | F64: =IF(E64="","",INDEX(Dados_SAP!$Q$2:$Q$10543,MATCH(E64,Dados_SAP!$T$2:$T$10543,0))) -> 94 | H64: =IF(L64="","",INDEX(Dados_SAP!$C$2:$C$10543,MATCH(L64,Dados_SAP!$U$2:$U$10543,0))) -> CRW-EZ-2002516-009 | I64: =IF(L64="","",INDEX(Dados_SAP!$D$2:$D$10543,MATCH(L64,Dados_SAP!$U$2:$U$10543,0))) -> A25205B11 | J64: =IF(L64="","",INDEX(Dados_SAP!$B$2:$B$10543,MATCH(L64,Dados_SAP!$U$2:$U$10543,0))) -> ALTAOMX | K64: =IF(L64="","",INDEX(Dados_SAP!$A$2:$A$10543,MATCH(L64,Dados_SAP!$U$2:$U$10543,0))) -> PK1 | L64: =IFERROR(LARGE(Dados_SAP!$U$2:$U$10543,2),"") -> 3200.0009 | M64: =IF(L64="","",-INDEX(Dados_SAP!$R$2:$R$10543,MATCH(L64,Dados_SAP!$U$2:$U$10543,0))) -> 58
A65: =IF(E65="","",INDEX(Dados_SAP!$C$2:$C$10543,MATCH(E65,Dados_SAP!$T$2:$T$10543,0))) -> ILM-BL-0011021-A12 | B65: =IF(E65="","",INDEX(Dados_SAP!$D$2:$D$10543,MATCH(E65,Dados_SAP!$T$2:$T$10543,0))) -> A26159-01 | C65: =IF(E65="","",INDEX(Dados_SAP!$B$2:$B$10543,MATCH(E65,Dados_SAP!$T$2:$T$10543,0))) -> 15-087-B | D65: =IF(E65="","",INDEX(Dados_SAP!$A$2:$A$10543,MATCH(E65,Dados_SAP!$T$2:$T$10543,0))) -> FM1 | E65: =IFERROR(LARGE(Dados_SAP!$T$2:$T$10543,3),"") -> 1102.5008 | F65: =IF(E65="","",INDEX(Dados_SAP!$Q$2:$Q$10543,MATCH(E65,Dados_SAP!$T$2:$T$10543,0))) -> 94 | H65: =IF(L65="","",INDEX(Dados_SAP!$C$2:$C$10543,MATCH(L65,Dados_SAP!$U$2:$U$10543,0))) -> CRM-DR-0001252-K15 | I65: =IF(L65="","",INDEX(Dados_SAP!$D$2:$D$10543,MATCH(L65,Dados_SAP!$U$2:$U$10543,0))) -> A24363B31 | J65: =IF(L65="","",INDEX(Dados_SAP!$B$2:$B$10543,MATCH(L65,Dados_SAP!$U$2:$U$10543,0))) -> DESCARTE | K65: =IF(L65="","",INDEX(Dados_SAP!$A$2:$A$10543,MATCH(L65,Dados_SAP!$U$2:$U$10543,0))) -> FLR | L65: =IFERROR(LARGE(Dados_SAP!$U$2:$U$10543,3),"") -> 1466.5203 | M65: =IF(L65="","",-INDEX(Dados_SAP!$R$2:$R$10543,MATCH(L65,Dados_SAP!$U$2:$U$10543,0))) -> 84
A66: =IF(E66="","",INDEX(Dados_SAP!$C$2:$C$10543,MATCH(E66,Dados_SAP!$T$2:$T$10543,0))) -> CRM-BL-0021380-A12 | B66: =IF(E66="","",INDEX(Dados_SAP!$D$2:$D$10543,MATCH(E66,Dados_SAP!$T$2:$T$10543,0))) -> A26035-21 | C66: =IF(E66="","",INDEX(Dados_SAP!$B$2:$B$10543,MATCH(E66,Dados_SAP!$T$2:$T$10543,0))) -> 15-004-B | D66: =IF(E66="","",INDEX(Dados_SAP!$A$2:$A$10543,MATCH(E66,Dados_SAP!$T$2:$T$10543,0))) -> FM1 | E66: =IFERROR(LARGE(Dados_SAP!$T$2:$T$10543,4),"") -> 1102.5007 | F66: =IF(E66="","",INDEX(Dados_SAP!$Q$2:$Q$10543,MATCH(E66,Dados_SAP!$T$2:$T$10543,0))) -> 102 | H66: =IF(L66="","",INDEX(Dados_SAP!$C$2:$C$10543,MATCH(L66,Dados_SAP!$U$2:$U$10543,0))) -> CRM-KB-0002618-E05 | I66: =IF(L66="","",INDEX(Dados_SAP!$D$2:$D$10543,MATCH(L66,Dados_SAP!$U$2:$U$10543,0))) -> A25042-01 | J66: =IF(L66="","",INDEX(Dados_SAP!$B$2:$B$10543,MATCH(L66,Dados_SAP!$U$2:$U$10543,0))) -> DEVOLUÇÃO | K66: =IF(L66="","",INDEX(Dados_SAP!$A$2:$A$10543,MATCH(L66,Dados_SAP!$U$2:$U$10543,0))) -> FLR | L66: =IFERROR(LARGE(Dados_SAP!$U$2:$U$10543,4),"") -> 1180.0003 | M66: =IF(L66="","",-INDEX(Dados_SAP!$R$2:$R$10543,MATCH(L66,Dados_SAP!$U$2:$U$10543,0))) -> 40
A67: =IF(E67="","",INDEX(Dados_SAP!$C$2:$C$10543,MATCH(E67,Dados_SAP!$T$2:$T$10543,0))) -> ILM-BL-0011021-A12 | B67: =IF(E67="","",INDEX(Dados_SAP!$D$2:$D$10543,MATCH(E67,Dados_SAP!$T$2:$T$10543,0))) -> A26157-01 | C67: =IF(E67="","",INDEX(Dados_SAP!$B$2:$B$10543,MATCH(E67,Dados_SAP!$T$2:$T$10543,0))) -> 15-002-C | D67: =IF(E67="","",INDEX(Dados_SAP!$A$2:$A$10543,MATCH(E67,Dados_SAP!$T$2:$T$10543,0))) -> FM1 | E67: =IFERROR(LARGE(Dados_SAP!$T$2:$T$10543,5),"") -> 1102.5007 | F67: =IF(E67="","",INDEX(Dados_SAP!$Q$2:$Q$10543,MATCH(E67,Dados_SAP!$T$2:$T$10543,0))) -> 100 | H67: =IF(L67="","",INDEX(Dados_SAP!$C$2:$C$10543,MATCH(L67,Dados_SAP!$U$2:$U$10543,0))) -> MALCHOC-W-123 | I67: =IF(L67="","",INDEX(Dados_SAP!$D$2:$D$10543,MATCH(L67,Dados_SAP!$U$2:$U$10543,0))) -> 252520402 | J67: =IF(L67="","",INDEX(Dados_SAP!$B$2:$B$10543,MATCH(L67,Dados_SAP!$U$2:$U$10543,0))) -> 06-29-D | K67: =IF(L67="","",INDEX(Dados_SAP!$A$2:$A$10543,MATCH(L67,Dados_SAP!$U$2:$U$10543,0))) -> FGF | L67: =IFERROR(LARGE(Dados_SAP!$U$2:$U$10543,5),"") -> 1000.0002 | M67: =IF(L67="","",-INDEX(Dados_SAP!$R$2:$R$10543,MATCH(L67,Dados_SAP!$U$2:$U$10543,0))) -> 11
A68: =IF(E68="","",INDEX(Dados_SAP!$C$2:$C$10543,MATCH(E68,Dados_SAP!$T$2:$T$10543,0))) -> CRM-BL-0021380-A12 | B68: =IF(E68="","",INDEX(Dados_SAP!$D$2:$D$10543,MATCH(E68,Dados_SAP!$T$2:$T$10543,0))) -> A26035-21 | C68: =IF(E68="","",INDEX(Dados_SAP!$B$2:$B$10543,MATCH(E68,Dados_SAP!$T$2:$T$10543,0))) -> 14-116-E | D68: =IF(E68="","",INDEX(Dados_SAP!$A$2:$A$10543,MATCH(E68,Dados_SAP!$T$2:$T$10543,0))) -> FM1 | E68: =IFERROR(LARGE(Dados_SAP!$T$2:$T$10543,6),"") -> 1102.5007 | F68: =IF(E68="","",INDEX(Dados_SAP!$Q$2:$Q$10543,MATCH(E68,Dados_SAP!$T$2:$T$10543,0))) -> 102 | H68: =IF(L68="","",INDEX(Dados_SAP!$C$2:$C$10543,MATCH(L68,Dados_SAP!$U$2:$U$10543,0))) -> ILM-KB-0021060-A17 | I68: =IF(L68="","",INDEX(Dados_SAP!$D$2:$D$10543,MATCH(L68,Dados_SAP!$U$2:$U$10543,0))) -> A25065-01 | J68: =IF(L68="","",INDEX(Dados_SAP!$B$2:$B$10543,MATCH(L68,Dados_SAP!$U$2:$U$10543,0))) -> 15-014-D | K68: =IF(L68="","",INDEX(Dados_SAP!$A$2:$A$10543,MATCH(L68,Dados_SAP!$U$2:$U$10543,0))) -> FM1 | L68: =IFERROR(LARGE(Dados_SAP!$U$2:$U$10543,6),"") -> 800.00074 | M68: =IF(L68="","",-INDEX(Dados_SAP!$R$2:$R$10543,MATCH(L68,Dados_SAP!$U$2:$U$10543,0))) -> 14
A69: =IF(E69="","",INDEX(Dados_SAP!$C$2:$C$10543,MATCH(E69,Dados_SAP!$T$2:$T$10543,0))) -> CRM-BL-0021380-A12 | B69: =IF(E69="","",INDEX(Dados_SAP!$D$2:$D$10543,MATCH(E69,Dados_SAP!$T$2:$T$10543,0))) -> A26035-21 | C69: =IF(E69="","",INDEX(Dados_SAP!$B$2:$B$10543,MATCH(E69,Dados_SAP!$T$2:$T$10543,0))) -> 14-116-D | D69: =IF(E69="","",INDEX(Dados_SAP!$A$2:$A$10543,MATCH(E69,Dados_SAP!$T$2:$T$10543,0))) -> FM1 | E69: =IFERROR(LARGE(Dados_SAP!$T$2:$T$10543,7),"") -> 1102.5007 | F69: =IF(E69="","",INDEX(Dados_SAP!$Q$2:$Q$10543,MATCH(E69,Dados_SAP!$T$2:$T$10543,0))) -> 102 | H69: =IF(L69="","",INDEX(Dados_SAP!$C$2:$C$10543,MATCH(L69,Dados_SAP!$U$2:$U$10543,0))) -> ILM-KB-0021060-A17 | I69: =IF(L69="","",INDEX(Dados_SAP!$D$2:$D$10543,MATCH(L69,Dados_SAP!$U$2:$U$10543,0))) -> A25065-01 | J69: =IF(L69="","",INDEX(Dados_SAP!$B$2:$B$10543,MATCH(L69,Dados_SAP!$U$2:$U$10543,0))) -> 14-00X-E | K69: =IF(L69="","",INDEX(Dados_SAP!$A$2:$A$10543,MATCH(L69,Dados_SAP!$U$2:$U$10543,0))) -> FM1 | L69: =IFERROR(LARGE(Dados_SAP!$U$2:$U$10543,7),"") -> 800.00066 | M69: =IF(L69="","",-INDEX(Dados_SAP!$R$2:$R$10543,MATCH(L69,Dados_SAP!$U$2:$U$10543,0))) -> 14
A70: =IF(E70="","",INDEX(Dados_SAP!$C$2:$C$10543,MATCH(E70,Dados_SAP!$T$2:$T$10543,0))) -> CRM-BL-0021380-A12 | B70: =IF(E70="","",INDEX(Dados_SAP!$D$2:$D$10543,MATCH(E70,Dados_SAP!$T$2:$T$10543,0))) -> A26035-21 | C70: =IF(E70="","",INDEX(Dados_SAP!$B$2:$B$10543,MATCH(E70,Dados_SAP!$T$2:$T$10543,0))) -> 14-114-F | D70: =IF(E70="","",INDEX(Dados_SAP!$A$2:$A$10543,MATCH(E70,Dados_SAP!$T$2:$T$10543,0))) -> FM1 | E70: =IFERROR(LARGE(Dados_SAP!$T$2:$T$10543,8),"") -> 1102.5007 | F70: =IF(E70="","",INDEX(Dados_SAP!$Q$2:$Q$10543,MATCH(E70,Dados_SAP!$T$2:$T$10543,0))) -> 102 | H70: =IF(L70="","",INDEX(Dados_SAP!$C$2:$C$10543,MATCH(L70,Dados_SAP!$U$2:$U$10543,0))) -> ILM-KB-0021060-A17 | I70: =IF(L70="","",INDEX(Dados_SAP!$D$2:$D$10543,MATCH(L70,Dados_SAP!$U$2:$U$10543,0))) -> A25065-01 | J70: =IF(L70="","",INDEX(Dados_SAP!$B$2:$B$10543,MATCH(L70,Dados_SAP!$U$2:$U$10543,0))) -> 14-00X-B | K70: =IF(L70="","",INDEX(Dados_SAP!$A$2:$A$10543,MATCH(L70,Dados_SAP!$U$2:$U$10543,0))) -> FM1 | L70: =IFERROR(LARGE(Dados_SAP!$U$2:$U$10543,8),"") -> 800.00066 | M70: =IF(L70="","",-INDEX(Dados_SAP!$R$2:$R$10543,MATCH(L70,Dados_SAP!$U$2:$U$10543,0))) -> 14
A71: =IF(E71="","",INDEX(Dados_SAP!$C$2:$C$10543,MATCH(E71,Dados_SAP!$T$2:$T$10543,0))) -> ILM-BL-0011021-A12 | B71: =IF(E71="","",INDEX(Dados_SAP!$D$2:$D$10543,MATCH(E71,Dados_SAP!$T$2:$T$10543,0))) -> A26157-01 | C71: =IF(E71="","",INDEX(Dados_SAP!$B$2:$B$10543,MATCH(E71,Dados_SAP!$T$2:$T$10543,0))) -> 14-111-E | D71: =IF(E71="","",INDEX(Dados_SAP!$A$2:$A$10543,MATCH(E71,Dados_SAP!$T$2:$T$10543,0))) -> FM1 | E71: =IFERROR(LARGE(Dados_SAP!$T$2:$T$10543,9),"") -> 1102.5007 | F71: =IF(E71="","",INDEX(Dados_SAP!$Q$2:$Q$10543,MATCH(E71,Dados_SAP!$T$2:$T$10543,0))) -> 100 | H71: =IF(L71="","",INDEX(Dados_SAP!$C$2:$C$10543,MATCH(L71,Dados_SAP!$U$2:$U$10543,0))) -> CRM-KB-0018900-A17 | I71: =IF(L71="","",INDEX(Dados_SAP!$D$2:$D$10543,MATCH(L71,Dados_SAP!$U$2:$U$10543,0))) -> A25001-01 | J71: =IF(L71="","",INDEX(Dados_SAP!$B$2:$B$10543,MATCH(L71,Dados_SAP!$U$2:$U$10543,0))) -> DESCARTE | K71: =IF(L71="","",INDEX(Dados_SAP!$A$2:$A$10543,MATCH(L71,Dados_SAP!$U$2:$U$10543,0))) -> FLR | L71: =IFERROR(LARGE(Dados_SAP!$U$2:$U$10543,9),"") -> 800.0003 | M71: =IF(L71="","",-INDEX(Dados_SAP!$R$2:$R$10543,MATCH(L71,Dados_SAP!$U$2:$U$10543,0))) -> 81
A72: =IF(E72="","",INDEX(Dados_SAP!$C$2:$C$10543,MATCH(E72,Dados_SAP!$T$2:$T$10543,0))) -> ILM-BL-0011021-A12 | B72: =IF(E72="","",INDEX(Dados_SAP!$D$2:$D$10543,MATCH(E72,Dados_SAP!$T$2:$T$10543,0))) -> A26157-01 | C72: =IF(E72="","",INDEX(Dados_SAP!$B$2:$B$10543,MATCH(E72,Dados_SAP!$T$2:$T$10543,0))) -> 14-101-C | D72: =IF(E72="","",INDEX(Dados_SAP!$A$2:$A$10543,MATCH(E72,Dados_SAP!$T$2:$T$10543,0))) -> FM1 | E72: =IFERROR(LARGE(Dados_SAP!$T$2:$T$10543,10),"") -> 1102.5007 | F72: =IF(E72="","",INDEX(Dados_SAP!$Q$2:$Q$10543,MATCH(E72,Dados_SAP!$T$2:$T$10543,0))) -> 100 | H72: =IF(L72="","",INDEX(Dados_SAP!$C$2:$C$10543,MATCH(L72,Dados_SAP!$U$2:$U$10543,0))) -> ILD-KB-7011022-A17 | I72: =IF(L72="","",INDEX(Dados_SAP!$D$2:$D$10543,MATCH(L72,Dados_SAP!$U$2:$U$10543,0))) -> A25011-02 | J72: =IF(L72="","",INDEX(Dados_SAP!$B$2:$B$10543,MATCH(L72,Dados_SAP!$U$2:$U$10543,0))) -> ALTAOMX | K72: =IF(L72="","",INDEX(Dados_SAP!$A$2:$A$10543,MATCH(L72,Dados_SAP!$U$2:$U$10543,0))) -> PK1 | L72: =IFERROR(LARGE(Dados_SAP!$U$2:$U$10543,10),"") -> 740.00088 | M72: =IF(L72="","",-INDEX(Dados_SAP!$R$2:$R$10543,MATCH(L72,Dados_SAP!$U$2:$U$10543,0))) -> 71
A77: Dados de apoio aos gráficos abaixo — não precisa editar; fora da área de impressão.
A78: Tipo de Depósito | B78: KG (filtrado)
A79: FM1 | B79: =SUMPRODUCT((Dados_SAP!$K$2:$K$10543="KG")*(Dados_SAP!$A$2:$A$10543="FM1")*((Painel!$B$5="(Todos)")+(Dados_SAP!$A$2:$A$10543=Painel!$B$5)>0)*((Painel!$E$5="(Todos)")+(Dados_SAP!$P$2:$P$10543=Painel!$E$5)>0)*((Painel!$H$5="(Todos)")+(Dados_SAP!$S$2:$S$10543=Painel!$H$5)>0),Dados_SAP!$J$2:$J$10543) -> 2280304.9
A80: FGF | B80: =SUMPRODUCT((Dados_SAP!$K$2:$K$10543="KG")*(Dados_SAP!$A$2:$A$10543="FGF")*((Painel!$B$5="(Todos)")+(Dados_SAP!$A$2:$A$10543=Painel!$B$5)>0)*((Painel!$E$5="(Todos)")+(Dados_SAP!$P$2:$P$10543=Painel!$E$5)>0)*((Painel!$H$5="(Todos)")+(Dados_SAP!$S$2:$S$10543=Painel!$H$5)>0),Dados_SAP!$J$2:$J$10543) -> 1227036.3
A81: PR2 | B81: =SUMPRODUCT((Dados_SAP!$K$2:$K$10543="KG")*(Dados_SAP!$A$2:$A$10543="PR2")*((Painel!$B$5="(Todos)")+(Dados_SAP!$A$2:$A$10543=Painel!$B$5)>0)*((Painel!$E$5="(Todos)")+(Dados_SAP!$P$2:$P$10543=Painel!$E$5)>0)*((Painel!$H$5="(Todos)")+(Dados_SAP!$S$2:$S$10543=Painel!$H$5)>0),Dados_SAP!$J$2:$J$10543) -> 305189.57
A82: FLR | B82: =SUMPRODUCT((Dados_SAP!$K$2:$K$10543="KG")*(Dados_SAP!$A$2:$A$10543="FLR")*((Painel!$B$5="(Todos)")+(Dados_SAP!$A$2:$A$10543=Painel!$B$5)>0)*((Painel!$E$5="(Todos)")+(Dados_SAP!$P$2:$P$10543=Painel!$E$5)>0)*((Painel!$H$5="(Todos)")+(Dados_SAP!$S$2:$S$10543=Painel!$H$5)>0),Dados_SAP!$J$2:$J$10543) -> 259748
A83: RM1 | B83: =SUMPRODUCT((Dados_SAP!$K$2:$K$10543="KG")*(Dados_SAP!$A$2:$A$10543="RM1")*((Painel!$B$5="(Todos)")+(Dados_SAP!$A$2:$A$10543=Painel!$B$5)>0)*((Painel!$E$5="(Todos)")+(Dados_SAP!$P$2:$P$10543=Painel!$E$5)>0)*((Painel!$H$5="(Todos)")+(Dados_SAP!$S$2:$S$10543=Painel!$H$5)>0),Dados_SAP!$J$2:$J$10543) -> 246870
A84: PK1 | B84: =SUMPRODUCT((Dados_SAP!$K$2:$K$10543="KG")*(Dados_SAP!$A$2:$A$10543="PK1")*((Painel!$B$5="(Todos)")+(Dados_SAP!$A$2:$A$10543=Painel!$B$5)>0)*((Painel!$E$5="(Todos)")+(Dados_SAP!$P$2:$P$10543=Painel!$E$5)>0)*((Painel!$H$5="(Todos)")+(Dados_SAP!$S$2:$S$10543=Painel!$H$5)>0),Dados_SAP!$J$2:$J$10543) -> 163428.1
A85: RM3 | B85: =SUMPRODUCT((Dados_SAP!$K$2:$K$10543="KG")*(Dados_SAP!$A$2:$A$10543="RM3")*((Painel!$B$5="(Todos)")+(Dados_SAP!$A$2:$A$10543=Painel!$B$5)>0)*((Painel!$E$5="(Todos)")+(Dados_SAP!$P$2:$P$10543=Painel!$E$5)>0)*((Painel!$H$5="(Todos)")+(Dados_SAP!$S$2:$S$10543=Painel!$H$5)>0),Dados_SAP!$J$2:$J$10543) -> 98646.4
A86: DCK | B86: =SUMPRODUCT((Dados_SAP!$K$2:$K$10543="KG")*(Dados_SAP!$A$2:$A$10543="DCK")*((Painel!$B$5="(Todos)")+(Dados_SAP!$A$2:$A$10543=Painel!$B$5)>0)*((Painel!$E$5="(Todos)")+(Dados_SAP!$P$2:$P$10543=Painel!$E$5)>0)*((Painel!$H$5="(Todos)")+(Dados_SAP!$S$2:$S$10543=Painel!$H$5)>0),Dados_SAP!$J$2:$J$10543) -> 50612.393
A87: PRF | B87: =SUMPRODUCT((Dados_SAP!$K$2:$K$10543="KG")*(Dados_SAP!$A$2:$A$10543="PRF")*((Painel!$B$5="(Todos)")+(Dados_SAP!$A$2:$A$10543=Painel!$B$5)>0)*((Painel!$E$5="(Todos)")+(Dados_SAP!$P$2:$P$10543=Painel!$E$5)>0)*((Painel!$H$5="(Todos)")+(Dados_SAP!$S$2:$S$10543=Painel!$H$5)>0),Dados_SAP!$J$2:$J$10543) -> 33808.2
A88: 922 | B88: =SUMPRODUCT((Dados_SAP!$K$2:$K$10543="KG")*(Dados_SAP!$A$2:$A$10543="922")*((Painel!$B$5="(Todos)")+(Dados_SAP!$A$2:$A$10543=Painel!$B$5)>0)*((Painel!$E$5="(Todos)")+(Dados_SAP!$P$2:$P$10543=Painel!$E$5)>0)*((Painel!$H$5="(Todos)")+(Dados_SAP!$S$2:$S$10543=Painel!$H$5)>0),Dados_SAP!$J$2:$J$10543) -> 6063.522
A89: PK2 | B89: =SUMPRODUCT((Dados_SAP!$K$2:$K$10543="KG")*(Dados_SAP!$A$2:$A$10543="PK2")*((Painel!$B$5="(Todos)")+(Dados_SAP!$A$2:$A$10543=Painel!$B$5)>0)*((Painel!$E$5="(Todos)")+(Dados_SAP!$P$2:$P$10543=Painel!$E$5)>0)*((Painel!$H$5="(Todos)")+(Dados_SAP!$S$2:$S$10543=Painel!$H$5)>0),Dados_SAP!$J$2:$J$10543) -> 3340.89
A90: PR9 | B90: =SUMPRODUCT((Dados_SAP!$K$2:$K$10543="KG")*(Dados_SAP!$A$2:$A$10543="PR9")*((Painel!$B$5="(Todos)")+(Dados_SAP!$A$2:$A$10543=Painel!$B$5)>0)*((Painel!$E$5="(Todos)")+(Dados_SAP!$P$2:$P$10543=Painel!$E$5)>0)*((Painel!$H$5="(Todos)")+(Dados_SAP!$S$2:$S$10543=Painel!$H$5)>0),Dados_SAP!$J$2:$J$10543) -> 1745.28
A93: Alerta | B93: Qtd. Posições
A94: VENCIDO | B94: =SUMPRODUCT((Dados_SAP!$S$2:$S$10543="VENCIDO")*((Painel!$B$5="(Todos)")+(Dados_SAP!$A$2:$A$10543=Painel!$B$5)>0)*((Painel!$E$5="(Todos)")+(Dados_SAP!$P$2:$P$10543=Painel!$E$5)>0)) -> 503
A95: PRÓX. VENCIMENTO | B95: =SUMPRODUCT((Dados_SAP!$S$2:$S$10543="PRÓX. VENCIMENTO")*((Painel!$B$5="(Todos)")+(Dados_SAP!$A$2:$A$10543=Painel!$B$5)>0)*((Painel!$E$5="(Todos)")+(Dados_SAP!$P$2:$P$10543=Painel!$E$5)>0)) -> 405
A96: QUALIDADE | B96: =SUMPRODUCT((Dados_SAP!$S$2:$S$10543="QUALIDADE")*((Painel!$B$5="(Todos)")+(Dados_SAP!$A$2:$A$10543=Painel!$B$5)>0)*((Painel!$E$5="(Todos)")+(Dados_SAP!$P$2:$P$10543=Painel!$E$5)>0)) -> 1063
A97: BLOQUEADO | B97: =SUMPRODUCT((Dados_SAP!$S$2:$S$10543="BLOQUEADO")*((Painel!$B$5="(Todos)")+(Dados_SAP!$A$2:$A$10543=Painel!$B$5)>0)*((Painel!$E$5="(Todos)")+(Dados_SAP!$P$2:$P$10543=Painel!$E$5)>0)) -> 593
A98: RESTRITO/DEVOLUÇÃO | B98: =SUMPRODUCT((Dados_SAP!$S$2:$S$10543="RESTRITO/DEVOLUÇÃO")*((Painel!$B$5="(Todos)")+(Dados_SAP!$A$2:$A$10543=Painel!$B$5)>0)*((Painel!$E$5="(Todos)")+(Dados_SAP!$P$2:$P$10543=Painel!$E$5)>0)) -> 615
A99: QUARENTENA | B99: =SUMPRODUCT((Dados_SAP!$S$2:$S$10543="QUARENTENA")*((Painel!$B$5="(Todos)")+(Dados_SAP!$A$2:$A$10543=Painel!$B$5)>0)*((Painel!$E$5="(Todos)")+(Dados_SAP!$P$2:$P$10543=Painel!$E$5)>0)) -> 94
A100: DESCARTE/DEVOLUÇÃO | B100: =SUMPRODUCT((Dados_SAP!$S$2:$S$10543="DESCARTE/DEVOLUÇÃO")*((Painel!$B$5="(Todos)")+(Dados_SAP!$A$2:$A$10543=Painel!$B$5)>0)*((Painel!$E$5="(Todos)")+(Dados_SAP!$P$2:$P$10543=Painel!$E$5)>0)) -> 19
A101: SEM LOTE | B101: =SUMPRODUCT((Dados_SAP!$S$2:$S$10543="SEM LOTE")*((Painel!$B$5="(Todos)")+(Dados_SAP!$A$2:$A$10543=Painel!$B$5)>0)*((Painel!$E$5="(Todos)")+(Dados_SAP!$P$2:$P$10543=Painel!$E$5)>0)) -> 232
A102: PARADO/SEM GIRO | B102: =SUMPRODUCT((Dados_SAP!$S$2:$S$10543="PARADO/SEM GIRO")*((Painel!$B$5="(Todos)")+(Dados_SAP!$A$2:$A$10543=Painel!$B$5)>0)*((Painel!$E$5="(Todos)")+(Dados_SAP!$P$2:$P$10543=Painel!$E$5)>0)) -> 602
A103: OK | B103: =SUMPRODUCT((Dados_SAP!$S$2:$S$10543="OK")*((Painel!$B$5="(Todos)")+(Dados_SAP!$A$2:$A$10543=Painel!$B$5)>0)*((Painel!$E$5="(Todos)")+(Dados_SAP!$P$2:$P$10543=Painel!$E$5)>0)) -> 4636
A104: VAZIA | B104: =SUMPRODUCT((Dados_SAP!$S$2:$S$10543="VAZIA")*((Painel!$B$5="(Todos)")+(Dados_SAP!$A$2:$A$10543=Painel!$B$5)>0)*((Painel!$E$5="(Todos)")+(Dados_SAP!$P$2:$P$10543=Painel!$E$5)>0)) -> 1780
A107: Faixa (dias sem giro) | B107: Qtd. Posições
A108: 0–30 dias | B108: =SUMPRODUCT((Dados_SAP!$S$2:$S$10543<>"VAZIA")*(Dados_SAP!$Q$2:$Q$10543<>"")*(Dados_SAP!$Q$2:$Q$10543>=0)*(Dados_SAP!$Q$2:$Q$10543<=30)*((Painel!$B$5="(Todos)")+(Dados_SAP!$A$2:$A$10543=Painel!$B$5)>0)*((Painel!$E$5="(Todos)")+(Dados_SAP!$P$2:$P$10543=Painel!$E$5)>0)*((Painel!$H$5="(Todos)")+(Dados_SAP!$S$2:$S$10543=Painel!$H$5)>0)) -> 5972
A109: 31–60 dias | B109: =SUMPRODUCT((Dados_SAP!$S$2:$S$10543<>"VAZIA")*(Dados_SAP!$Q$2:$Q$10543<>"")*(Dados_SAP!$Q$2:$Q$10543>=31)*(Dados_SAP!$Q$2:$Q$10543<=60)*((Painel!$B$5="(Todos)")+(Dados_SAP!$A$2:$A$10543=Painel!$B$5)>0)*((Painel!$E$5="(Todos)")+(Dados_SAP!$P$2:$P$10543=Painel!$E$5)>0)*((Painel!$H$5="(Todos)")+(Dados_SAP!$S$2:$S$10543=Painel!$H$5)>0)) -> 1458
A110: 61–90 dias | B110: =SUMPRODUCT((Dados_SAP!$S$2:$S$10543<>"VAZIA")*(Dados_SAP!$Q$2:$Q$10543<>"")*(Dados_SAP!$Q$2:$Q$10543>=61)*(Dados_SAP!$Q$2:$Q$10543<=90)*((Painel!$B$5="(Todos)")+(Dados_SAP!$A$2:$A$10543=Painel!$B$5)>0)*((Painel!$E$5="(Todos)")+(Dados_SAP!$P$2:$P$10543=Painel!$E$5)>0)*((Painel!$H$5="(Todos)")+(Dados_SAP!$S$2:$S$10543=Painel!$H$5)>0)) -> 511
A111: 91–180 dias | B111: =SUMPRODUCT((Dados_SAP!$S$2:$S$10543<>"VAZIA")*(Dados_SAP!$Q$2:$Q$10543<>"")*(Dados_SAP!$Q$2:$Q$10543>=91)*(Dados_SAP!$Q$2:$Q$10543<=180)*((Painel!$B$5="(Todos)")+(Dados_SAP!$A$2:$A$10543=Painel!$B$5)>0)*((Painel!$E$5="(Todos)")+(Dados_SAP!$P$2:$P$10543=Painel!$E$5)>0)*((Painel!$H$5="(Todos)")+(Dados_SAP!$S$2:$S$10543=Painel!$H$5)>0)) -> 464
A112: 181–365 dias | B112: =SUMPRODUCT((Dados_SAP!$S$2:$S$10543<>"VAZIA")*(Dados_SAP!$Q$2:$Q$10543<>"")*(Dados_SAP!$Q$2:$Q$10543>=181)*(Dados_SAP!$Q$2:$Q$10543<=365)*((Painel!$B$5="(Todos)")+(Dados_SAP!$A$2:$A$10543=Painel!$B$5)>0)*((Painel!$E$5="(Todos)")+(Dados_SAP!$P$2:$P$10543=Painel!$E$5)>0)*((Painel!$H$5="(Todos)")+(Dados_SAP!$S$2:$S$10543=Painel!$H$5)>0)) -> 186
A113: > 365 dias | B113: =SUMPRODUCT((Dados_SAP!$S$2:$S$10543<>"VAZIA")*(Dados_SAP!$Q$2:$Q$10543<>"")*(Dados_SAP!$Q$2:$Q$10543>=366)*((Painel!$B$5="(Todos)")+(Dados_SAP!$A$2:$A$10543=Painel!$B$5)>0)*((Painel!$E$5="(Todos)")+(Dados_SAP!$P$2:$P$10543=Painel!$E$5)>0)*((Painel!$H$5="(Todos)")+(Dados_SAP!$S$2:$S$10543=Painel!$H$5)>0)) -> 171
A116: Faixa (vencimento) | B116: Qtd. Posições
A117: Vencido | B117: =SUMPRODUCT((Dados_SAP!$O$2:$O$10543<>"")*(Dados_SAP!$R$2:$R$10543<=-1)*((Painel!$B$5="(Todos)")+(Dados_SAP!$A$2:$A$10543=Painel!$B$5)>0)*((Painel!$E$5="(Todos)")+(Dados_SAP!$P$2:$P$10543=Painel!$E$5)>0)*((Painel!$H$5="(Todos)")+(Dados_SAP!$S$2:$S$10543=Painel!$H$5)>0)) -> 503
A118: 0–30 dias | B118: =SUMPRODUCT((Dados_SAP!$O$2:$O$10543<>"")*(Dados_SAP!$R$2:$R$10543>=0)*(Dados_SAP!$R$2:$R$10543<=30)*((Painel!$B$5="(Todos)")+(Dados_SAP!$A$2:$A$10543=Painel!$B$5)>0)*((Painel!$E$5="(Todos)")+(Dados_SAP!$P$2:$P$10543=Painel!$E$5)>0)*((Painel!$H$5="(Todos)")+(Dados_SAP!$S$2:$S$10543=Painel!$H$5)>0)) -> 207
A119: 31–60 dias | B119: =SUMPRODUCT((Dados_SAP!$O$2:$O$10543<>"")*(Dados_SAP!$R$2:$R$10543>=31)*(Dados_SAP!$R$2:$R$10543<=60)*((Painel!$B$5="(Todos)")+(Dados_SAP!$A$2:$A$10543=Painel!$B$5)>0)*((Painel!$E$5="(Todos)")+(Dados_SAP!$P$2:$P$10543=Painel!$E$5)>0)*((Painel!$H$5="(Todos)")+(Dados_SAP!$S$2:$S$10543=Painel!$H$5)>0)) -> 198
A120: 61–90 dias | B120: =SUMPRODUCT((Dados_SAP!$O$2:$O$10543<>"")*(Dados_SAP!$R$2:$R$10543>=61)*(Dados_SAP!$R$2:$R$10543<=90)*((Painel!$B$5="(Todos)")+(Dados_SAP!$A$2:$A$10543=Painel!$B$5)>0)*((Painel!$E$5="(Todos)")+(Dados_SAP!$P$2:$P$10543=Painel!$E$5)>0)*((Painel!$H$5="(Todos)")+(Dados_SAP!$S$2:$S$10543=Painel!$H$5)>0)) -> 214
A121: > 90 dias | B121: =SUMPRODUCT((Dados_SAP!$O$2:$O$10543<>"")*(Dados_SAP!$R$2:$R$10543>=91)*((Painel!$B$5="(Todos)")+(Dados_SAP!$A$2:$A$10543=Painel!$B$5)>0)*((Painel!$E$5="(Todos)")+(Dados_SAP!$P$2:$P$10543=Painel!$E$5)>0)*((Painel!$H$5="(Todos)")+(Dados_SAP!$S$2:$S$10543=Painel!$H$5)>0)) -> 7118
A122: Sem data de vencimento | B122: =SUMPRODUCT((Dados_SAP!$O$2:$O$10543="")*(Dados_SAP!$S$2:$S$10543<>"VAZIA")*((Painel!$B$5="(Todos)")+(Dados_SAP!$A$2:$A$10543=Painel!$B$5)>0)*((Painel!$E$5="(Todos)")+(Dados_SAP!$P$2:$P$10543=Painel!$E$5)>0)*((Painel!$H$5="(Todos)")+(Dados_SAP!$S$2:$S$10543=Painel!$H$5)>0)) -> 522

Sheet Pontos_de_Atencao
A1: Pontos que Carecem de Monitoramento — Estoque LX03
A2: Lista consolidada, sem filtro (todo o armazém), pensada para leitura de diretoria. Atualiza sozinha a cada nova carga do SAP — nada aqui precisa ser preenchido à mão.
A4: Nº | B4: Ponto de Atenção | C4: O que significa | D4: Qtd. Posições | E4: Peso (kg) | F4: % do KG total | G4: Severidade | H4: Ação Recomendada
A5: 1 | B5: VENCIDO | C5: Material já venceu | D5: =COUNTIFS(Dados_SAP!$S$2:$S$10543,"VENCIDO") -> 503 | E5: =SUMIFS(Dados_SAP!$J$2:$J$10543,Dados_SAP!$S$2:$S$10543,"VENCIDO",Dados_SAP!$K$2:$K$10543,"KG") -> 51364.234 | F5: =IFERROR(E5/(SUMIFS(Dados_SAP!$J$2:$J$10543,Dados_SAP!$K$2:$K$10543,"KG")),0) -> 0.011058631 | G5: =IF(D5=0,"✅ OK","🔴 CRÍTICO") -> 🔴 CRÍTICO | H5: Separar fisicamente, abrir processo de baixa/descarte e investigar a causa raiz (previsão de consumo x validade).
A6: 2 | B6: PRÓX. VENCIMENTO | C6: Vence em breve | D6: =COUNTIFS(Dados_SAP!$S$2:$S$10543,"PRÓX. VENCIMENTO") -> 405 | E6: =SUMIFS(Dados_SAP!$J$2:$J$10543,Dados_SAP!$S$2:$S$10543,"PRÓX. VENCIMENTO",Dados_SAP!$K$2:$K$10543,"KG") -> 88737.899 | F6: =IFERROR(E6/(SUMIFS(Dados_SAP!$J$2:$J$10543,Dados_SAP!$K$2:$K$10543,"KG")),0) -> 0.019105117 | G6: =IF(D6=0,"✅ OK","🟠 ATENÇÃO") -> 🟠 ATENÇÃO | H6: Priorizar consumo/expedição por ordem de vencimento (FEFO) ou negociar saída antes do vencimento.
A7: 3 | B7: QUALIDADE | C7: Em inspeção de qualidade | D7: =COUNTIFS(Dados_SAP!$S$2:$S$10543,"QUALIDADE") -> 1063 | E7: =SUMIFS(Dados_SAP!$J$2:$J$10543,Dados_SAP!$S$2:$S$10543,"QUALIDADE",Dados_SAP!$K$2:$K$10543,"KG") -> 662047.19 | F7: =IFERROR(E7/(SUMIFS(Dados_SAP!$J$2:$J$10543,Dados_SAP!$K$2:$K$10543,"KG")),0) -> 0.14253763 | G7: =IF(D7=0,"✅ OK","🟠 ATENÇÃO") -> 🟠 ATENÇÃO | H7: Acompanhar com a Qualidade o prazo de liberação; escalar inspeções paradas há muito tempo.
A8: 4 | B8: BLOQUEADO | C8: Bloqueado para uso | D8: =COUNTIFS(Dados_SAP!$S$2:$S$10543,"BLOQUEADO") -> 593 | E8: =SUMIFS(Dados_SAP!$J$2:$J$10543,Dados_SAP!$S$2:$S$10543,"BLOQUEADO",Dados_SAP!$K$2:$K$10543,"KG") -> 171647.12 | F8: =IFERROR(E8/(SUMIFS(Dados_SAP!$J$2:$J$10543,Dados_SAP!$K$2:$K$10543,"KG")),0) -> 0.03695533 | G8: =IF(D8=0,"✅ OK","🟠 ATENÇÃO") -> 🟠 ATENÇÃO | H8: Identificar o motivo do bloqueio com o responsável e definir prazo para liberação ou descarte.
A9: 5 | B9: RESTRITO/DEVOLUÇÃO | C9: Estoque restrito/devolução | D9: =COUNTIFS(Dados_SAP!$S$2:$S$10543,"RESTRITO/DEVOLUÇÃO") -> 615 | E9: =SUMIFS(Dados_SAP!$J$2:$J$10543,Dados_SAP!$S$2:$S$10543,"RESTRITO/DEVOLUÇÃO",Dados_SAP!$K$2:$K$10543,"KG") -> 98943.09 | F9: =IFERROR(E9/(SUMIFS(Dados_SAP!$J$2:$J$10543,Dados_SAP!$K$2:$K$10543,"KG")),0) -> 0.021302278 | G9: =IF(D9=0,"✅ OK","🟠 ATENÇÃO") -> 🟠 ATENÇÃO | H9: Definir destino (retrabalho, devolução a fornecedor/cliente ou descarte) sem deixar acumular.
A10: 6 | B10: QUARENTENA | C10: Em quarentena | D10: =COUNTIFS(Dados_SAP!$S$2:$S$10543,"QUARENTENA") -> 94 | E10: =SUMIFS(Dados_SAP!$J$2:$J$10543,Dados_SAP!$S$2:$S$10543,"QUARENTENA",Dados_SAP!$K$2:$K$10543,"KG") -> 14100 | F10: =IFERROR(E10/(SUMIFS(Dados_SAP!$J$2:$J$10543,Dados_SAP!$K$2:$K$10543,"KG")),0) -> 0.0030357058 | G10: =IF(D10=0,"✅ OK","🟠 ATENÇÃO") -> 🟠 ATENÇÃO | H10: Confirmar com Qualidade/Compras a liberação do lote; monitorar o tempo em quarentena.
A11: 7 | B11: DESCARTE/DEVOLUÇÃO | C11: Em posição de descarte/devolução | D11: =COUNTIFS(Dados_SAP!$S$2:$S$10543,"DESCARTE/DEVOLUÇÃO") -> 19 | E11: =SUMIFS(Dados_SAP!$J$2:$J$10543,Dados_SAP!$S$2:$S$10543,"DESCARTE/DEVOLUÇÃO",Dados_SAP!$K$2:$K$10543,"KG") -> 1996.5 | F11: =IFERROR(E11/(SUMIFS(Dados_SAP!$J$2:$J$10543,Dados_SAP!$K$2:$K$10543,"KG")),0) -> 0.00042984303 | G11: =IF(D11=0,"✅ OK","🔴 CRÍTICO") -> 🔴 CRÍTICO | H11: Formalizar e executar o descarte/retorno — material parado aqui trava espaço e capital de giro.
A12: 8 | B12: SEM LOTE | C12: Sem lote (falta de rastreabilidade) | D12: =COUNTIFS(Dados_SAP!$S$2:$S$10543,"SEM LOTE") -> 232 | E12: =SUMIFS(Dados_SAP!$J$2:$J$10543,Dados_SAP!$S$2:$S$10543,"SEM LOTE",Dados_SAP!$K$2:$K$10543,"KG") -> 2347.7 | F12: =IFERROR(E12/(SUMIFS(Dados_SAP!$J$2:$J$10543,Dados_SAP!$K$2:$K$10543,"KG")),0) -> 0.00050545578 | G12: =IF(D12=0,"✅ OK","🔴 CRÍTICO") -> 🔴 CRÍTICO | H12: Corrigir o apontamento no SAP; lote é obrigatório para rastreabilidade em alimentos.
A13: 9 | B13: PARADO/SEM GIRO | C13: Sem movimento há muito tempo | D13: =COUNTIFS(Dados_SAP!$S$2:$S$10543,"PARADO/SEM GIRO") -> 602 | E13: =SUMIFS(Dados_SAP!$J$2:$J$10543,Dados_SAP!$S$2:$S$10543,"PARADO/SEM GIRO",Dados_SAP!$K$2:$K$10543,"KG") -> 351142.17 | F13: =IFERROR(E13/(SUMIFS(Dados_SAP!$J$2:$J$10543,Dados_SAP!$K$2:$K$10543,"KG")),0) -> 0.075600307 | G13: =IF(D13=0,"✅ OK","🟠 ATENÇÃO") -> 🟠 ATENÇÃO | H13: Revisar previsão de demanda, avaliar redistribuição entre centros ou promover o consumo do item.
A15: Para o detalhe posição-a-posição de cada ponto acima, use os filtros da aba Painel ou o filtro automático da aba Dados_SAP (coluna Alerta).

Sheet Dados_SAP
A1: Tipo de depósito | B1: Posição no depósito | C1: Material | D1: Lote | E1: Nº de quantos | F1: Tipo de estoque | G1: Unidade de depósito | H1: Estoque disponível | I1: Último movimento | J1: Estoque total | K1: UM básica | L1: Duração | M1: Inventário ativo | N1: Depósito | O1: Data do vencimento | P1: Centro | Q1: Duração (dias) | R1: Dias até vencer | S1: Alerta | T1: _chave_rank_parado | U1: _chave_rank_vencido
A2: 910 | B2: WA-ZONE | C2: << vazio >> | E2: 0 | H2: 0 | J2: 0 | L2: 0 | Q2: =IFERROR(VALUE(L2),"") -> 0 | R2: =IF(O2="","",O2-TODAY()) | S2: =IF(C2="<< vazio >>","VAZIA",IF(AND(O2<>"",R2<0),"VENCIDO",IF(AND(O2<>"",R2<=Parametros!$B$10),"PRÓX. VENCIMENTO",IF(F2="Q","QUALIDADE",IF(F2="S","BLOQUEADO",IF(F2="R","RESTRITO/DEVOLUÇÃO",IF(OR(N2="QUAR",N2="QRES"),"QUARENTENA",IF(OR(B2="DESCARTE",B2="DEVOLUÇÃO"),"DESCARTE/DEVOLUÇÃO",IF(AND(D2="",K2<>""),"SEM LOTE",IF(AND(Q2<>"",Q2>=Parametros!$B$11),"PARADO/SEM GIRO","OK")))))))))) -> VAZIA | T2: =IF(AND($S2="PARADO/SEM GIRO",$K2="KG",OR(Painel!$B$5="(Todos)",A2=Painel!$B$5)*OR(Painel!$E$5="(Todos)",P2=Painel!$E$5)),$J2+ROW()/10000000,"") | U2: =IF(AND($S2="VENCIDO",$K2="KG",OR(Painel!$B$5="(Todos)",A2=Painel!$B$5)*OR(Painel!$E$5="(Todos)",P2=Painel!$E$5)),$J2+ROW()/10000000,"")
A3: 911 | B3: BULK | C3: 14191832 | E3: 7 | H3: 1143.7 | I3: 46283 | J3: 1143.7 | K3: KG | L3: 10 | N3: 9999 | P3: BR01 | Q3: =IFERROR(VALUE(L3),"") -> 10 | R3: =IF(O3="","",O3-TODAY()) | S3: =IF(C3="<< vazio >>","VAZIA",IF(AND(O3<>"",R3<0),"VENCIDO",IF(AND(O3<>"",R3<=Parametros!$B$10),"PRÓX. VENCIMENTO",IF(F3="Q","QUALIDADE",IF(F3="S","BLOQUEADO",IF(F3="R","RESTRITO/DEVOLUÇÃO",IF(OR(N3="QUAR",N3="QRES"),"QUARENTENA",IF(OR(B3="DESCARTE",B3="DEVOLUÇÃO"),"DESCARTE/DEVOLUÇÃO",IF(AND(D3="",K3<>""),"SEM LOTE",IF(AND(Q3<>"",Q3>=Parametros!$B$11),"PARADO/SEM GIRO","OK")))))))))) -> SEM LOTE | T3: =IF(AND($S3="PARADO/SEM GIRO",$K3="KG",OR(Painel!$B$5="(Todos)",A3=Painel!$B$5)*OR(Painel!$E$5="(Todos)",P3=Painel!$E$5)),$J3+ROW()/10000000,"") | U3: =IF(AND($S3="VENCIDO",$K3="KG",OR(Painel!$B$5="(Todos)",A3=Painel!$B$5)*OR(Painel!$E$5="(Todos)",P3=Painel!$E$5)),$J3+ROW()/10000000,"")
A4: 911 | B4: BULK | C4: 44009711 | E4: 7 | H4: 4846 | I4: 46285 | J4: 4846 | K4: UN | L4: 13 | N4: 9999 | P4: BR01 | Q4: =IFERROR(VALUE(L4),"") -> 13 | R4: =IF(O4="","",O4-TODAY()) | S4: =IF(C4="<< vazio >>","VAZIA",IF(AND(O4<>"",R4<0),"VENCIDO",IF(AND(O4<>"",R4<=Parametros!$B$10),"PRÓX. VENCIMENTO",IF(F4="Q","QUALIDADE",IF(F4="S","BLOQUEADO",IF(F4="R","RESTRITO/DEVOLUÇÃO",IF(OR(N4="QUAR",N4="QRES"),"QUARENTENA",IF(OR(B4="DESCARTE",B4="DEVOLUÇÃO"),"DESCARTE/DEVOLUÇÃO",IF(AND(D4="",K4<>""),"SEM LOTE",IF(AND(Q4<>"",Q4>=Parametros!$B$11),"PARADO/SEM GIRO","OK")))))))))) -> SEM LOTE | T4: =IF(AND($S4="PARADO/SEM GIRO",$K4="KG",OR(Painel!$B$5="(Todos)",A4=Painel!$B$5)*OR(Painel!$E$5="(Todos)",P4=Painel!$E$5)),$J4+ROW()/10000000,"") | U4: =IF(AND($S4="VENCIDO",$K4="KG",OR(Painel!$B$5="(Todos)",A4=Painel!$B$5)*OR(Painel!$E$5="(Todos)",P4=Painel!$E$5)),$J4+ROW()/10000000,"")
A5: 911 | B5: BULK | C5: 44101020 | D5: 119690 | E5: 7 | H5: 15 | I5: 46272 | J5: 15 | K5: UN | L5: 13 | N5: 9999 | O5: 46569 | P5: BR01 | Q5: =IFERROR(VALUE(L5),"") -> 13 | R5: =IF(O5="","",O5-TODAY()) -> 284 | S5: =IF(C5="<< vazio >>","VAZIA",IF(AND(O5<>"",R5<0),"VENCIDO",IF(AND(O5<>"",R5<=Parametros!$B$10),"PRÓX. VENCIMENTO",IF(F5="Q","QUALIDADE",IF(F5="S","BLOQUEADO",IF(F5="R","RESTRITO/DEVOLUÇÃO",IF(OR(N5="QUAR",N5="QRES"),"QUARENTENA",IF(OR(B5="DESCARTE",B5="DEVOLUÇÃO"),"DESCARTE/DEVOLUÇÃO",IF(AND(D5="",K5<>""),"SEM LOTE",IF(AND(Q5<>"",Q5>=Parametros!$B$11),"PARADO/SEM GIRO","OK")))))))))) -> OK | T5: =IF(AND($S5="PARADO/SEM GIRO",$K5="KG",OR(Painel!$B$5="(Todos)",A5=Painel!$B$5)*OR(Painel!$E$5="(Todos)",P5=Painel!$E$5)),$J5+ROW()/10000000,"") | U5: =IF(AND($S5="VENCIDO",$K5="KG",OR(Painel!$B$5="(Todos)",A5=Painel!$B$5)*OR(Painel!$E$5="(Todos)",P5=Painel!$E$5)),$J5+ROW()/10000000,"")
A6: 911 | B6: BULK | C6: CRD-DR-7072302-039 | D6: A26217B11 | E6: 7 | H6: 20 | I6: 46275 | J6: 20 | K6: KG | L6: 10 | N6: 9999 | O6: 46970 | P6: BR01 | Q6: =IFERROR(VALUE(L6),"") -> 10 | R6: =IF(O6="","",O6-TODAY()) -> 685 | S6: =IF(C6="<< vazio >>","VAZIA",IF(AND(O6<>"",R6<0),"VENCIDO",IF(AND(O6<>"",R6<=Parametros!$B$10),"PRÓX. VENCIMENTO",IF(F6="Q","QUALIDADE",IF(F6="S","BLOQUEADO",IF(F6="R","RESTRITO/DEVOLUÇÃO",IF(OR(N6="QUAR",N6="QRES"),"QUARENTENA",IF(OR(B6="DESCARTE",B6="DEVOLUÇÃO"),"DESCARTE/DEVOLUÇÃO",IF(AND(D6="",K6<>""),"SEM LOTE",IF(AND(Q6<>"",Q6>=Parametros!$B$11),"PARADO/SEM GIRO","OK")))))))))) -> OK | T6: =IF(AND($S6="PARADO/SEM GIRO",$K6="KG",OR(Painel!$B$5="(Todos)",A6=Painel!$B$5)*OR(Painel!$E$5="(Todos)",P6=Painel!$E$5)),$J6+ROW()/10000000,"") | U6: =IF(AND($S6="VENCIDO",$K6="KG",OR(Painel!$B$5="(Todos)",A6=Painel!$B$5)*OR(Painel!$E$5="(Todos)",P6=Painel!$E$5)),$J6+ROW()/10000000,"")
A7: 911 | B7: BULK | C7: CRM-BL-0021380-B94 | D7: A25147-21 | E7: 7 | H7: 40.4 | I7: 46276 | J7: 40.4 | K7: KG | L7: 9 | N7: 9991 | P7: BR01 | Q7: =IFERROR(VALUE(L7),"") -> 9 | R7: =IF(O7="","",O7-TODAY()) | S7: =IF(C7="<< vazio >>","VAZIA",IF(AND(O7<>"",R7<0),"VENCIDO",IF(AND(O7<>"",R7<=Parametros!$B$10),"PRÓX. VENCIMENTO",IF(F7="Q","QUALIDADE",IF(F7="S","BLOQUEADO",IF(F7="R","RESTRITO/DEVOLUÇÃO",IF(OR(N7="QUAR",N7="QRES"),"QUARENTENA",IF(OR(B7="DESCARTE",B7="DEVOLUÇÃO"),"DESCARTE/DEVOLUÇÃO",IF(AND(D7="",K7<>""),"SEM LOTE",IF(AND(Q7<>"",Q7>=Parametros!$B$11),"PARADO/SEM GIRO","OK")))))))))) -> OK | T7: =IF(AND($S7="PARADO/SEM GIRO",$K7="KG",OR(Painel!$B$5="(Todos)",A7=Painel!$B$5)*OR(Painel!$E$5="(Todos)",P7=Painel!$E$5)),$J7+ROW()/10000000,"") | U7: =IF(AND($S7="VENCIDO",$K7="KG",OR(Painel!$B$5="(Todos)",A7=Painel!$B$5)*OR(Painel!$E$5="(Todos)",P7=Painel!$E$5)),$J7+ROW()/10000000,"")
A8: 911 | B8: BULK | C8: CRW-BL-2002514-B94 | D8: A26222-21 | E8: 7 | F8: S | H8: 30.3 | I8: 46274 | J8: 30.3 | K8: KG | L8: 11 | N8: 9999 | O8: 46609 | P8: BR01 | Q8: =IFERROR(VALUE(L8),"") -> 11 | R8: =IF(O8="","",O8-TODAY()) -> 324 | S8: =IF(C8="<< vazio >>","VAZIA",IF(AND(O8<>"",R8<0),"VENCIDO",IF(AND(O8<>"",R8<=Parametros!$B$10),"PRÓX. VENCIMENTO",IF(F8="Q","QUALIDADE",IF(F8="S","BLOQUEADO",IF(F8="R","RESTRITO/DEVOLUÇÃO",IF(OR(N8="QUAR",N8="QRES"),"QUARENTENA",IF(OR(B8="DESCARTE",B8="DEVOLUÇÃO"),"DESCARTE/DEVOLUÇÃO",IF(AND(D8="",K8<>""),"SEM LOTE",IF(AND(Q8<>"",Q8>=Parametros!$B$11),"PARADO/SEM GIRO","OK")))))))))) -> BLOQUEADO | T8: =IF(AND($S8="PARADO/SEM GIRO",$K8="KG",OR(Painel!$B$5="(Todos)",A8=Painel!$B$5)*OR(Painel!$E$5="(Todos)",P8=Painel!$E$5)),$J8+ROW()/10000000,"") | U8: =IF(AND($S8="VENCIDO",$K8="KG",OR(Painel!$B$5="(Todos)",A8=Painel!$B$5)*OR(Painel!$E$5="(Todos)",P8=Painel!$E$5)),$J8+ROW()/10000000,"")
A9: 911 | B9: BULK | C9: CRW-DR-2072602-039 | D9: A26206B11 | E9: 7 | H9: 20 | I9: 46275 | J9: 20 | K9: KG | L9: 10 | N9: 9999 | O9: 46593 | P9: BR01 | Q9: =IFERROR(VALUE(L9),"") -> 10 | R9: =IF(O9="","",O9-TODAY()) -> 308 | S9: =IF(C9="<< vazio >>","VAZIA",IF(AND(O9<>"",R9<0),"VENCIDO",IF(AND(O9<>"",R9<=Parametros!$B$10),"PRÓX. VENCIMENTO",IF(F9="Q","QUALIDADE",IF(F9="S","BLOQUEADO",IF(F9="R","RESTRITO/DEVOLUÇÃO",IF(OR(N9="QUAR",N9="QRES"),"QUARENTENA",IF(OR(B9="DESCARTE",B9="DEVOLUÇÃO"),"DESCARTE/DEVOLUÇÃO",IF(AND(D9="",K9<>""),"SEM LOTE",IF(AND(Q9<>"",Q9>=Parametros!$B$11),"PARADO/SEM GIRO","OK")))))))))) -> OK | T9: =IF(AND($S9="PARADO/SEM GIRO",$K9="KG",OR(Painel!$B$5="(Todos)",A9=Painel!$B$5)*OR(Painel!$E$5="(Todos)",P9=Painel!$E$5)),$J9+ROW()/10000000,"") | U9: =IF(AND($S9="VENCIDO",$K9="KG",OR(Painel!$B$5="(Todos)",A9=Painel!$B$5)*OR(Painel!$E$5="(Todos)",P9=Painel!$E$5)),$J9+ROW()/10000000,"")
A10: 911 | B10: PESQUISA | C10: 805-BR-D94 | D10: 251633359 | E10: 14 | H10: 2.8 | I10: 46280 | J10: 2.8 | K10: KG | L10: 5 | N10: 9999 | O10: 46550 | P10: BR01 | Q10: =IFERROR(VALUE(L10),"") -> 5 | R10: =IF(O10="","",O10-TODAY()) -> 265 | S10: =IF(C10="<< vazio >>","VAZIA",IF(AND(O10<>"",R10<0),"VENCIDO",IF(AND(O10<>"",R10<=Parametros!$B$10),"PRÓX. VENCIMENTO",IF(F10="Q","QUALIDADE",IF(F10="S","BLOQUEADO",IF(F10="R","RESTRITO/DEVOLUÇÃO",IF(OR(N10="QUAR",N10="QRES"),"QUARENTENA",IF(OR(B10="DESCARTE",B10="DEVOLUÇÃO"),"DESCARTE/DEVOLUÇÃO",IF(AND(D10="",K10<>""),"SEM LOTE",IF(AND(Q10<>"",Q10>=Parametros!$B$11),"PARADO/SEM GIRO","OK")))))))))) -> OK | T10: =IF(AND($S10="PARADO/SEM GIRO",$K10="KG",OR(Painel!$B$5="(Todos)",A10=Painel!$B$5)*OR(Painel!$E$5="(Todos)",P10=Painel!$E$5)),$J10+ROW()/10000000,"") | U10: =IF(AND($S10="VENCIDO",$K10="KG",OR(Painel!$B$5="(Todos)",A10=Painel!$B$5)*OR(Painel!$E$5="(Todos)",P10=Painel!$E$5)),$J10+ROW()/10000000,"")
A11: 911 | B11: PESQUISA | C11: 823-BR-25A | D11: 251950303 | E11: 14 | H11: 20.1 | I11: 46280 | J11: 20.1 | K11: KG | L11: 5 | N11: 9999 | O11: 46401 | P11: BR01 | Q11: =IFERROR(VALUE(L11),"") -> 5 | R11: =IF(O11="","",O11-TODAY()) -> 116 | S11: =IF(C11="<< vazio >>","VAZIA",IF(AND(O11<>"",R11<0),"VENCIDO",IF(AND(O11<>"",R11<=Parametros!$B$10),"PRÓX. VENCIMENTO",IF(F11="Q","QUALIDADE",IF(F11="S","BLOQUEADO",IF(F11="R","RESTRITO/DEVOLUÇÃO",IF(OR(N11="QUAR",N11="QRES"),"QUARENTENA",IF(OR(B11="DESCARTE",B11="DEVOLUÇÃO"),"DESCARTE/DEVOLUÇÃO",IF(AND(D11="",K11<>""),"SEM LOTE",IF(AND(Q11<>"",Q11>=Parametros!$B$11),"PARADO/SEM GIRO","OK")))))))))) -> OK | T11: =IF(AND($S11="PARADO/SEM GIRO",$K11="KG",OR(Painel!$B$5="(Todos)",A11=Painel!$B$5)*OR(Painel!$E$5="(Todos)",P11=Painel!$E$5)),$J11+ROW()/10000000,"") | U11: =IF(AND($S11="VENCIDO",$K11="KG",OR(Painel!$B$5="(Todos)",A11=Painel!$B$5)*OR(Painel!$E$5="(Todos)",P11=Painel!$E$5)),$J11+ROW()/10000000,"")
A12: 911 | B12: PESQUISA | C12: 823-BR-D94 | D12: 252103049 | E12: 14 | H12: 8.4 | I12: 46280 | J12: 8.4 | K12: KG | L12: 12 | N12: 9999 | O12: 46416 | P12: BR01 | Q12: =IFERROR(VALUE(L12),"") -> 12 | R12: =IF(O12="","",O12-TODAY()) -> 131 | S12: =IF(C12="<< vazio >>","VAZIA",IF(AND(O12<>"",R12<0),"VENCIDO",IF(AND(O12<>"",R12<=Parametros!$B$10),"PRÓX. VENCIMENTO",IF(F12="Q","QUALIDADE",IF(F12="S","BLOQUEADO",IF(F12="R","RESTRITO/DEVOLUÇÃO",IF(OR(N12="QUAR",N12="QRES"),"QUARENTENA",IF(OR(B12="DESCARTE",B12="DEVOLUÇÃO"),"DESCARTE/DEVOLUÇÃO",IF(AND(D12="",K12<>""),"SEM LOTE",IF(AND(Q12<>"",Q12>=Parametros!$B$11),"PARADO/SEM GIRO","OK")))))))))) -> OK | T12: =IF(AND($S12="PARADO/SEM GIRO",$K12="KG",OR(Painel!$B$5="(Todos)",A12=Painel!$B$5)*OR(Painel!$E$5="(Todos)",P12=Painel!$E$5)),$J12+ROW()/10000000,"") | U12: =IF(AND($S12="VENCIDO",$K12="KG",OR(Painel!$B$5="(Todos)",A12=Painel!$B$5)*OR(Painel!$E$5="(Todos)",P12=Painel!$E$5)),$J12+ROW()/10000000,"")
A13: 911 | B13: PESQUISA | C13: CHK-R30GOLD-E0-D94 | D13: 252753229 | E13: 14 | H13: 2.8 | I13: 46280 | J13: 2.8 | K13: KG | L13: 5 | N13: 9991 | O13: 46297 | P13: BR01 | Q13: =IFERROR(VALUE(L13),"") -> 5 | R13: =IF(O13="","",O13-TODAY()) -> 12 | S13: =IF(C13="<< vazio >>","VAZIA",IF(AND(O13<>"",R13<0),"VENCIDO",IF(AND(O13<>"",R13<=Parametros!$B$10),"PRÓX. VENCIMENTO",IF(F13="Q","QUALIDADE",IF(F13="S","BLOQUEADO",IF(F13="R","RESTRITO/DEVOLUÇÃO",IF(OR(N13="QUAR",N13="QRES"),"QUARENTENA",IF(OR(B13="DESCARTE",B13="DEVOLUÇÃO"),"DESCARTE/DEVOLUÇÃO",IF(AND(D13="",K13<>""),"SEM LOTE",IF(AND(Q13<>"",Q13>=Parametros!$B$11),"PARADO/SEM GIRO","OK")))))))))) -> PRÓX. VENCIMENTO | T13: =IF(AND($S13="PARADO/SEM GIRO",$K13="KG",OR(Painel!$B$5="(Todos)",A13=Painel!$B$5)*OR(Painel!$E$5="(Todos)",P13=Painel!$E$5)),$J13+ROW()/10000000,"") | U13: =IF(AND($S13="VENCIDO",$K13="KG",OR(Painel!$B$5="(Todos)",A13=Painel!$B$5)*OR(Painel!$E$5="(Todos)",P13=Painel!$E$5)),$J13+ROW()/10000000,"")
A14: 911 | B14: PESQUISA | C14: CRM-BL-0002614-B94 | D14: A26089-21 | E14: 14 | H14: 10.1 | I14: 46280 | J14: 10.1 | K14: KG | L14: 5 | N14: 9999 | O14: 46660 | P14: BR01 | Q14: =IFERROR(VALUE(L14),"") -> 5 | R14: =IF(O14="","",O14-TODAY()) -> 375 | S14: =IF(C14="<< vazio >>","VAZIA",IF(AND(O14<>"",R14<0),"VENCIDO",IF(AND(O14<>"",R14<=Parametros!$B$10),"PRÓX. VENCIMENTO",IF(F14="Q","QUALIDADE",IF(F14="S","BLOQUEADO",IF(F14="R","RESTRITO/DEVOLUÇÃO",IF(OR(N14="QUAR",N14="QRES"),"QUARENTENA",IF(OR(B14="DESCARTE",B14="DEVOLUÇÃO"),"DESCARTE/DEVOLUÇÃO",IF(AND(D14="",K14<>""),"SEM LOTE",IF(AND(Q14<>"",Q14>=Parametros!$B$11),"PARADO/SEM GIRO","OK")))))))))) -> OK | T14: =IF(AND($S14="PARADO/SEM GIRO",$K14="KG",OR(Painel!$B$5="(Todos)",A14=Painel!$B$5)*OR(Painel!$E$5="(Todos)",P14=Painel!$E$5)),$J14+ROW()/10000000,"") | U14: =IF(AND($S14="VENCIDO",$K14="KG",OR(Painel!$B$5="(Todos)",A14=Painel!$B$5)*OR(Painel!$E$5="(Todos)",P14=Painel!$E$5)),$J14+ROW()/10000000,"")
A15: 911 | B15: PESQUISA | C15: CRM-EZ-0075800-K15 | D15: A26191B31 | E15: 14 | H15: 12.12 | I15: 46280 | J15: 12.12 | K15: KG | L15: 5 | N15: 9999 | O15: 46762 | P15: BR01 | Q15: =IFERROR(VALUE(L15),"") -> 5 | R15: =IF(O15="","",O15-TODAY()) -> 477 | S15: =IF(C15="<< vazio >>","VAZIA",IF(AND(O15<>"",R15<0),"VENCIDO",IF(AND(O15<>"",R15<=Parametros!$B$10),"PRÓX. VENCIMENTO",IF(F15="Q","QUALIDADE",IF(F15="S","BLOQUEADO",IF(F15="R","RESTRITO/DEVOLUÇÃO",IF(OR(N15="QUAR",N15="QRES"),"QUARENTENA",IF(OR(B15="DESCARTE",B15="DEVOLUÇÃO"),"DESCARTE/DEVOLUÇÃO",IF(AND(D15="",K15<>""),"SEM LOTE",IF(AND(Q15<>"",Q15>=Parametros!$B$11),"PARADO/SEM GIRO","OK")))))))))) -> OK | T15: =IF(AND($S15="PARADO/SEM GIRO",$K15="KG",OR(Painel!$B$5="(Todos)",A15=Painel!$B$5)*OR(Painel!$E$5="(Todos)",P15=Painel!$E$5)),$J15+ROW()/10000000,"") | U15: =IF(AND($S15="VENCIDO",$K15="KG",OR(Painel!$B$5="(Todos)",A15=Painel!$B$5)*OR(Painel!$E$5="(Todos)",P15=Painel!$E$5)),$J15+ROW()/10000000,"")
A16: 911 | B16: PESQUISA | C16: CRW-BL-2002514-B94 | D16: A25296-21 | E16: 14 | H16: 10.1 | I16: 46280 | J16: 10.1 | K16: KG | L16: 5 | N16: 9991 | O16: 46318 | P16: BR01 | Q16: =IFERROR(VALUE(L16),"") -> 5 | R16: =IF(O16="","",O16-TODAY()) -> 33 | S16: =IF(C16="<< vazio >>","VAZIA",IF(AND(O16<>"",R16<0),"VENCIDO",IF(AND(O16<>"",R16<=Parametros!$B$10),"PRÓX. VENCIMENTO",IF(F16="Q","QUALIDADE",IF(F16="S","BLOQUEADO",IF(F16="R","RESTRITO/DEVOLUÇÃO",IF(OR(N16="QUAR",N16="QRES"),"QUARENTENA",IF(OR(B16="DESCARTE",B16="DEVOLUÇÃO"),"DESCARTE/DEVOLUÇÃO",IF(AND(D16="",K16<>""),"SEM LOTE",IF(AND(Q16<>"",Q16>=Parametros!$B$11),"PARADO/SEM GIRO","OK")))))))))) -> PRÓX. VENCIMENTO | T16: =IF(AND($S16="PARADO/SEM GIRO",$K16="KG",OR(Painel!$B$5="(Todos)",A16=Painel!$B$5)*OR(Painel!$E$5="(Todos)",P16=Painel!$E$5)),$J16+ROW()/10000000,"") | U16: =IF(AND($S16="VENCIDO",$K16="KG",OR(Painel!$B$5="(Todos)",A16=Painel!$B$5)*OR(Painel!$E$5="(Todos)",P16=Painel!$E$5)),$J16+ROW()/10000000,"")
A17: 911 | B17: PESQUISA | C17: ILD-BL-7011022-A12 | D17: A25317-21 | E17: 14 | H17: 10.5 | I17: 46274 | J17: 10.5 | K17: KG | L17: 11 | N17: 9999 | O17: 46520 | P17: BR01 | Q17: =IFERROR(VALUE(L17),"") -> 11 | R17: =IF(O17="","",O17-TODAY()) -> 235 | S17: =IF(C17="<< vazio >>","VAZIA",IF(AND(O17<>"",R17<0),"VENCIDO",IF(AND(O17<>"",R17<=Parametros!$B$10),"PRÓX. VENCIMENTO",IF(F17="Q","QUALIDADE",IF(F17="S","BLOQUEADO",IF(F17="R","RESTRITO/DEVOLUÇÃO",IF(OR(N17="QUAR",N17="QRES"),"QUARENTENA",IF(OR(B17="DESCARTE",B17="DEVOLUÇÃO"),"DESCARTE/DEVOLUÇÃO",IF(AND(D17="",K17<>""),"SEM LOTE",IF(AND(Q17<>"",Q17>=Parametros!$B$11),"PARADO/SEM GIRO","OK")))))))))) -> OK | T17: =IF(AND($S17="PARADO/SEM GIRO",$K17="KG",OR(Painel!$B$5="(Todos)",A17=Painel!$B$5)*OR(Painel!$E$5="(Todos)",P17=Painel!$E$5)),$J17+ROW()/10000000,"") | U17: =IF(AND($S17="VENCIDO",$K17="KG",OR(Painel!$B$5="(Todos)",A17=Painel!$B$5)*OR(Painel!$E$5="(Todos)",P17=Painel!$E$5)),$J17+ROW()/10000000,"")
A18: 911 | B18: PESQUISA | C18: ILD-BL-7016144-A12 | D18: A26092-21 | E18: 14 | H18: 10.5 | I18: 46274 | J18: 10.5 | K18: KG | L18: 11 | N18: 9999 | O18: 46662 | P18: BR01 | Q18: =IFERROR(VALUE(L18),"") -> 11 | R18: =IF(O18="","",O18-TODAY()) -> 377 | S18: =IF(C18="<< vazio >>","VAZIA",IF(AND(O18<>"",R18<0),"VENCIDO",IF(AND(O18<>"",R18<=Parametros!$B$10),"PRÓX. VENCIMENTO",IF(F18="Q","QUALIDADE",IF(F18="S","BLOQUEADO",IF(F18="R","RESTRITO/DEVOLUÇÃO",IF(OR(N18="QUAR",N18="QRES"),"QUARENTENA",IF(OR(B18="DESCARTE",B18="DEVOLUÇÃO"),"DESCARTE/DEVOLUÇÃO",IF(AND(D18="",K18<>""),"SEM LOTE",IF(AND(Q18<>"",Q18>=Parametros!$B$11),"PARADO/SEM GIRO","OK")))))))))) -> OK | T18: =IF(AND($S18="PARADO/SEM GIRO",$K18="KG",OR(Painel!$B$5="(Todos)",A18=Painel!$B$5)*OR(Painel!$E$5="(Todos)",P18=Painel!$E$5)),$J18+ROW()/10000000,"") | U18: =IF(AND($S18="VENCIDO",$K18="KG",OR(Painel!$B$5="(Todos)",A18=Painel!$B$5)*OR(Painel!$E$5="(Todos)",P18=Painel!$E$5)),$J18+ROW()/10000000,"")
A19: 911 | B19: PESQUISA | C19: ILM-BL-0011021-B94 | D19: A25332-21 | E19: 14 | H19: 10.1 | I19: 46274 | J19: 10.1 | K19: KG | L19: 11 | N19: 9999 | O19: 46535 | P19: BR01 | Q19: =IFERROR(VALUE(L19),"") -> 11 | R19: =IF(O19="","",O19-TODAY()) -> 250 | S19: =IF(C19="<< vazio >>","VAZIA",IF(AND(O19<>"",R19<0),"VENCIDO",IF(AND(O19<>"",R19<=Parametros!$B$10),"PRÓX. VENCIMENTO",IF(F19="Q","QUALIDADE",IF(F19="S","BLOQUEADO",IF(F19="R","RESTRITO/DEVOLUÇÃO",IF(OR(N19="QUAR",N19="QRES"),"QUARENTENA",IF(OR(B19="DESCARTE",B19="DEVOLUÇÃO"),"DESCARTE/DEVOLUÇÃO",IF(AND(D19="",K19<>""),"SEM LOTE",IF(AND(Q19<>"",Q19>=Parametros!$B$11),"PARADO/SEM GIRO","OK")))))))))) -> OK | T19: =IF(AND($S19="PARADO/SEM GIRO",$K19="KG",OR(Painel!$B$5="(Todos)",A19=Painel!$B$5)*OR(Painel!$E$5="(Todos)",P19=Painel!$E$5)),$J19+ROW()/10000000,"") | U19: =IF(AND($S19="VENCIDO",$K19="KG",OR(Painel!$B$5="(Todos)",A19=Painel!$B$5)*OR(Painel!$E$5="(Todos)",P19=Painel!$E$5)),$J19+ROW()/10000000,"")
A20: 911 | B20: PESQUISA | C20: ILM-BL-0016143-A12 | D20: A25326-21 | E20: 14 | H20: 10.5 | I20: 46274 | J20: 10.5 | K20: KG | L20: 11 | N20: 9999 | O20: 46529 | P20: BR01 | Q20: =IFERROR(VALUE(L20),"") -> 11 | R20: =IF(O20="","",O20-TODAY()) -> 244 | S20: =IF(C20="<< vazio >>","VAZIA",IF(AND(O20<>"",R20<0),"VENCIDO",IF(AND(O20<>"",R20<=Parametros!$B$10),"PRÓX. VENCIMENTO",IF(F20="Q","QUALIDADE",IF(F20="S","BLOQUEADO",IF(F20="R","RESTRITO/DEVOLUÇÃO",IF(OR(N20="QUAR",N20="QRES"),"QUARENTENA",IF(OR(B20="DESCARTE",B20="DEVOLUÇÃO"),"DESCARTE/DEVOLUÇÃO",IF(AND(D20="",K20<>""),"SEM LOTE",IF(AND(Q20<>"",Q20>=Parametros!$B$11),"PARADO/SEM GIRO","OK")))))))))) -> OK | T20: =IF(AND($S20="PARADO/SEM GIRO",$K20="KG",OR(Painel!$B$5="(Todos)",A20=Painel!$B$5)*OR(Painel!$E$5="(Todos)",P20=Painel!$E$5)),$J20+ROW()/10000000,"") | U20: =IF(AND($S20="VENCIDO",$K20="KG",OR(Painel!$B$5="(Todos)",A20=Painel!$B$5)*OR(Painel!$E$5="(Todos)",P20=Painel!$E$5)),$J20+ROW()/10000000,"")
... A23: 911 | B23: PESQUISA | C23: ILW-BL-2016145-B94 | D23: A26050-21 | E23: 14 | H23: 10.1 | I23: 46274 | J23: 10.1 | K23: KG | L23: 11 | N23: 9999 | O23: 46437 | P23: BR01 | Q23: =IFERROR(VALUE(L23),"") -> 11 | R23: =IF(O23="","",O23-TODAY()) -> 152 | S23: =IF(C23="<< vazio >>","VAZIA",IF(AND(O23<>"",R23<0),"VENCIDO",IF(AND(O23<>"",R23<=Parametros!$B$10),"PRÓX. VENCIMENTO",IF(F23="Q","QUALIDADE",IF(F23="S","BLOQUEADO",IF(F23="R","RESTRITO/DEVOLUÇÃO",IF(OR(N23="QUAR",N23="QRES"),"QUARENTENA",IF(OR(B23="DESCARTE",B23="DEVOLUÇÃO"),"DESCARTE/DEVOLUÇÃO",IF(AND(D23="",K23<>""),"SEM LOTE",IF(AND(Q23<>"",Q23>=Parametros!$B$11),"PARADO/SEM GIRO","OK")))))))))) -> OK | T23: =IF(AND($S23="PARADO/SEM GIRO",$K23="KG",OR(Painel!$B$5="(Todos)",A23=Painel!$B$5)*OR(Painel!$E$5="(Todos)",P23=Painel!$E$5)),$J23+ROW()/10000000,"") | U23: =IF(AND($S23="VENCIDO",$K23="KG",OR(Painel!$B$5="(Todos)",A23=Painel!$B$5)*OR(Painel!$E$5="(Todos)",P23=Painel!$E$5)),$J23+ROW()/10000000,"")
A24: 917 | B24: QUALITY | C24: << vazio >> | E24: 0 | H24: 0 | J24: 0 | L24: 0 | Q24: =IFERROR(VALUE(L24),"") -> 0 | R24: =IF(O24="","",O24-TODAY()) | S24: =IF(C24="<< vazio >>","VAZIA",IF(AND(O24<>"",R24<0),"VENCIDO",IF(AND(O24<>"",R24<=Parametros!$B$10),"PRÓX. VENCIMENTO",IF(F24="Q","QUALIDADE",IF(F24="S","BLOQUEADO",IF(F24="R","RESTRITO/DEVOLUÇÃO",IF(OR(N24="QUAR",N24="QRES"),"QUARENTENA",IF(OR(B24="DESCARTE",B24="DEVOLUÇÃO"),"DESCARTE/DEVOLUÇÃO",IF(AND(D24="",K24<>""),"SEM LOTE",IF(AND(Q24<>"",Q24>=Parametros!$B$11),"PARADO/SEM GIRO","OK")))))))))) -> VAZIA | T24: =IF(AND($S24="PARADO/SEM GIRO",$K24="KG",OR(Painel!$B$5="(Todos)",A24=Painel!$B$5)*OR(Painel!$E$5="(Todos)",P24=Painel!$E$5)),$J24+ROW()/10000000,"") | U24: =IF(AND($S24="VENCIDO",$K24="KG",OR(Painel!$B$5="(Todos)",A24=Painel!$B$5)*OR(Painel!$E$5="(Todos)",P24=Painel!$E$5)),$J24+ROW()/10000000,"")
A25: 922 | B25: TR-ZONE | C25: 70-30-38-BR-D94 | D25: 243323449 | E25: 79 | H25: 2.8 | I25: 46283 | J25: 2.8 | K25: KG | L25: 2 | N25: 9991 | P25: BR01 | Q25: =IFERROR(VALUE(L25),"") -> 2 | R25: =IF(O25="","",O25-TODAY()) | S25: =IF(C25="<< vazio >>","VAZIA",IF(AND(O25<>"",R25<0),"VENCIDO",IF(AND(O25<>"",R25<=Parametros!$B$10),"PRÓX. VENCIMENTO",IF(F25="Q","QUALIDADE",IF(F25="S","BLOQUEADO",IF(F25="R","RESTRITO/DEVOLUÇÃO",IF(OR(N25="QUAR",N25="QRES"),"QUARENTENA",IF(OR(B25="DESCARTE",B25="DEVOLUÇÃO"),"DESCARTE/DEVOLUÇÃO",IF(AND(D25="",K25<>""),"SEM LOTE",IF(AND(Q25<>"",Q25>=Parametros!$B$11),"PARADO/SEM GIRO","OK")))))))))) -> OK | T25: =IF(AND($S25="PARADO/SEM GIRO",$K25="KG",OR(Painel!$B$5="(Todos)",A25=Painel!$B$5)*OR(Painel!$E$5="(Todos)",P25=Painel!$E$5)),$J25+ROW()/10000000,"") | U25: =IF(AND($S25="VENCIDO",$K25="KG",OR(Painel!$B$5="(Todos)",A25=Painel!$B$5)*OR(Painel!$E$5="(Todos)",P25=Painel!$E$5)),$J25+ROW()/10000000,"")
A26: 922 | B26: TR-ZONE | C26: 70-30-38-BR-D94 | D26: 243323449 | E26: 79 | H26: -2.8 | I26: 46283 | J26: -2.8 | K26: KG | L26: 0 | N26: 9999 | P26: BR01 | Q26: =IFERROR(VALUE(L26),"") -> 0 | R26: =IF(O26="","",O26-TODAY()) | S26: =IF(C26="<< vazio >>","VAZIA",IF(AND(O26<>"",R26<0),"VENCIDO",IF(AND(O26<>"",R26<=Parametros!$B$10),"PRÓX. VENCIMENTO",IF(F26="Q","QUALIDADE",IF(F26="S","BLOQUEADO",IF(F26="R","RESTRITO/DEVOLUÇÃO",IF(OR(N26="QUAR",N26="QRES"),"QUARENTENA",IF(OR(B26="DESCARTE",B26="DEVOLUÇÃO"),"DESCARTE/DEVOLUÇÃO",IF(AND(D26="",K26<>""),"SEM LOTE",IF(AND(Q26<>"",Q26>=Parametros!$B$11),"PARADO/SEM GIRO","OK")))))))))) -> OK | T26: =IF(AND($S26="PARADO/SEM GIRO",$K26="KG",OR(Painel!$B$5="(Todos)",A26=Painel!$B$5)*OR(Painel!$E$5="(Todos)",P26=Painel!$E$5)),$J26+ROW()/10000000,"") | U26: =IF(AND($S26="VENCIDO",$K26="KG",OR(Painel!$B$5="(Todos)",A26=Painel!$B$5)*OR(Painel!$E$5="(Todos)",P26=Painel!$E$5)),$J26+ROW()/10000000,"")
A27: 922 | B27: TR-ZONE | C27: 805-BR-25A | D27: 251340301 | E27: 79 | H27: -20.1 | I27: 46266 | J27: -20.1 | K27: KG | L27: 0 | N27: 0355 | O27: 46521 | P27: BR01 | Q27: =IFERROR(VALUE(L27),"") -> 0 | R27: =IF(O27="","",O27-TODAY()) -> 236 | S27: =IF(C27="<< vazio >>","VAZIA",IF(AND(O27<>"",R27<0),"VENCIDO",IF(AND(O27<>"",R27<=Parametros!$B$10),"PRÓX. VENCIMENTO",IF(F27="Q","QUALIDADE",IF(F27="S","BLOQUEADO",IF(F27="R","RESTRITO/DEVOLUÇÃO",IF(OR(N27="QUAR",N27="QRES"),"QUARENTENA",IF(OR(B27="DESCARTE",B27="DEVOLUÇÃO"),"DESCARTE/DEVOLUÇÃO",IF(AND(D27="",K27<>""),"SEM LOTE",IF(AND(Q27<>"",Q27>=Parametros!$B$11),"PARADO/SEM GIRO","OK")))))))))) -> OK | T27: =IF(AND($S27="PARADO/SEM GIRO",$K27="KG",OR(Painel!$B$5="(Todos)",A27=Painel!$B$5)*OR(Painel!$E$5="(Todos)",P27=Painel!$E$5)),$J27+ROW()/10000000,"") | U27: =IF(AND($S27="VENCIDO",$K27="KG",OR(Painel!$B$5="(Todos)",A27=Painel!$B$5)*OR(Painel!$E$5="(Todos)",P27=Painel!$E$5)),$J27+ROW()/10000000,"")
A28: 922 | B28: TR-ZONE | C28: 805-BR-25A | D28: 251340301 | E28: 79 | H28: 20.1 | I28: 46266 | J28: 20.1 | K28: KG | L28: 19 | N28: 9999 | O28: 46521 | P28: BR01 | Q28: =IFERROR(VALUE(L28),"") -> 19 | R28: =IF(O28="","",O28-TODAY()) -> 236 | S28: =IF(C28="<< vazio >>","VAZIA",IF(AND(O28<>"",R28<0),"VENCIDO",IF(AND(O28<>"",R28<=Parametros!$B$10),"PRÓX. VENCIMENTO",IF(F28="Q","QUALIDADE",IF(F28="S","BLOQUEADO",IF(F28="R","RESTRITO/DEVOLUÇÃO",IF(OR(N28="QUAR",N28="QRES"),"QUARENTENA",IF(OR(B28="DESCARTE",B28="DEVOLUÇÃO"),"DESCARTE/DEVOLUÇÃO",IF(AND(D28="",K28<>""),"SEM LOTE",IF(AND(Q28<>"",Q28>=Parametros!$B$11),"PARADO/SEM GIRO","OK")))))))))) -> OK | T28: =IF(AND($S28="PARADO/SEM GIRO",$K28="KG",OR(Painel!$B$5="(Todos)",A28=Painel!$B$5)*OR(Painel!$E$5="(Todos)",P28=Painel!$E$5)),$J28+ROW()/10000000,"") | U28: =IF(AND($S28="VENCIDO",$K28="KG",OR(Painel!$B$5="(Todos)",A28=Painel!$B$5)*OR(Painel!$E$5="(Todos)",P28=Painel!$E$5)),$J28+ROW()/10000000,"")
A29: 922 | B29: TR-ZONE | C29: 823-BR-25A | D29: 251940301 | E29: 79 | H29: 80.4 | I29: 46244 | J29: 80.4 | K29: KG | L29: 41 | N29: 9999 | O29: 46400 | P29: BR01 | Q29: =IFERROR(VALUE(L29),"") -> 41 | R29: =IF(O29="","",O29-TODAY()) -> 115 | S29: =IF(C29="<< vazio >>","VAZIA",IF(AND(O29<>"",R29<0),"VENCIDO",IF(AND(O29<>"",R29<=Parametros!$B$10),"PRÓX. VENCIMENTO",IF(F29="Q","QUALIDADE",IF(F29="S","BLOQUEADO",IF(F29="R","RESTRITO/DEVOLUÇÃO",IF(OR(N29="QUAR",N29="QRES"),"QUARENTENA",IF(OR(B29="DESCARTE",B29="DEVOLUÇÃO"),"DESCARTE/DEVOLUÇÃO",IF(AND(D29="",K29<>""),"SEM LOTE",IF(AND(Q29<>"",Q29>=Parametros!$B$11),"PARADO/SEM GIRO","OK")))))))))) -> OK | T29: =IF(AND($S29="PARADO/SEM GIRO",$K29="KG",OR(Painel!$B$5="(Todos)",A29=Painel!$B$5)*OR(Painel!$E$5="(Todos)",P29=Painel!$E$5)),$J29+ROW()/10000000,"") | U29: =IF(AND($S29="VENCIDO",$K29="KG",OR(Painel!$B$5="(Todos)",A29=Painel!$B$5)*OR(Painel!$E$5="(Todos)",P29=Painel!$E$5)),$J29+ROW()/10000000,"")
A30: 922 | B30: TR-ZONE | C30: 823-BR-25A | D30: 251940302 | E30: 79 | H30: -100.5 | I30: 46244 | J30: -100.5 | K30: KG | L30: 0 | N30: 9999 | O30: 46400 | P30: BR01 | Q30: =IFERROR(VALUE(L30),"") -> 0 | R30: =IF(O30="","",O30-TODAY()) -> 115 | S30: =IF(C30="<< vazio >>","VAZIA",IF(AND(O30<>"",R30<0),"VENCIDO",IF(AND(O30<>"",R30<=Parametros!$B$10),"PRÓX. VENCIMENTO",IF(F30="Q","QUALIDADE",IF(F30="S","BLOQUEADO",IF(F30="R","RESTRITO/DEVOLUÇÃO",IF(OR(N30="QUAR",N30="QRES"),"QUARENTENA",IF(OR(B30="DESCARTE",B30="DEVOLUÇÃO"),"DESCARTE/DEVOLUÇÃO",IF(AND(D30="",K30<>""),"SEM LOTE",IF(AND(Q30<>"",Q30>=Parametros!$B$11),"PARADO/SEM GIRO","OK")))))))))) -> OK | T30: =IF(AND($S30="PARADO/SEM GIRO",$K30="KG",OR(Painel!$B$5="(Todos)",A30=Painel!$B$5)*OR(Painel!$E$5="(Todos)",P30=Painel!$E$5)),$J30+ROW()/10000000,"") | U30: =IF(AND($S30="VENCIDO",$K30="KG",OR(Painel!$B$5="(Todos)",A30=Painel!$B$5)*OR(Painel!$E$5="(Todos)",P30=Painel!$E$5)),$J30+ROW()/10000000,"")
A31: 922 | B31: TR-ZONE | C31: BIG-PF-1BO-401 | D31: 25287039 | E31: 79 | H31: -20 | I31: 46283 | J31: -20 | K31: KG | L31: 0 | N31: 9999 | P31: BR01 | Q31: =IFERROR(VALUE(L31),"") -> 0 | R31: =IF(O31="","",O31-TODAY()) | S31: =IF(C31="<< vazio >>","VAZIA",IF(AND(O31<>"",R31<0),"VENCIDO",IF(AND(O31<>"",R31<=Parametros!$B$10),"PRÓX. VENCIMENTO",IF(F31="Q","QUALIDADE",IF(F31="S","BLOQUEADO",IF(F31="R","RESTRITO/DEVOLUÇÃO",IF(OR(N31="QUAR",N31="QRES"),"QUARENTENA",IF(OR(B31="DESCARTE",B31="DEVOLUÇÃO"),"DESCARTE/DEVOLUÇÃO",IF(AND(D31="",K31<>""),"SEM LOTE",IF(AND(Q31<>"",Q31>=Parametros!$B$11),"PARADO/SEM GIRO","OK")))))))))) -> OK | T31: =IF(AND($S31="PARADO/SEM GIRO",$K31="KG",OR(Painel!$B$5="(Todos)",A31=Painel!$B$5)*OR(Painel!$E$5="(Todos)",P31=Painel!$E$5)),$J31+ROW()/10000000,"") | U31: =IF(AND($S31="VENCIDO",$K31="KG",OR(Painel!$B$5="(Todos)",A31=Painel!$B$5)*OR(Painel!$E$5="(Todos)",P31=Painel!$E$5)),$J31+ROW()/10000000,"")
A32: 922 | B32: TR-ZONE | C32: BIG-PF-1BO-401 | D32: 25287039 | E32: 79 | H32: 20 | I32: 46283 | J32: 20 | K32: KG | L32: 2 | N32: 9991 | P32: BR01 | Q32: =IFERROR(VALUE(L32),"") -> 2 | R32: =IF(O32="","",O32-TODAY()) | S32: =IF(C32="<< vazio >>","VAZIA",IF(AND(O32<>"",R32<0),"VENCIDO",IF(AND(O32<>"",R32<=Parametros!$B$10),"PRÓX. VENCIMENTO",IF(F32="Q","QUALIDADE",IF(F32="S","BLOQUEADO",IF(F32="R","RESTRITO/DEVOLUÇÃO",IF(OR(N32="QUAR",N32="QRES"),"QUARENTENA",IF(OR(B32="DESCARTE",B32="DEVOLUÇÃO"),"DESCARTE/DEVOLUÇÃO",IF(AND(D32="",K32<>""),"SEM LOTE",IF(AND(Q32<>"",Q32>=Parametros!$B$11),"PARADO/SEM GIRO","OK")))))))))) -> OK | T32: =IF(AND($S32="PARADO/SEM GIRO",$K32="KG",OR(Painel!$B$5="(Todos)",A32=Painel!$B$5)*OR(Painel!$E$5="(Todos)",P32=Painel!$E$5)),$J32+ROW()/10000000,"") | U32: =IF(AND($S32="VENCIDO",$K32="KG",OR(Painel!$B$5="(Todos)",A32=Painel!$B$5)*OR(Painel!$E$5="(Todos)",P32=Painel!$E$5)),$J32+ROW()/10000000,"")
A33: 922 | B33: TR-ZONE | C33: CHD-PO-7019570-K09 | D33: A25122-01 | E33: 79 | H33: -10.1 | I33: 46283 | J33: -10.1 | K33: KG | L33: 0 | N33: 9999 | P33: BR01 | Q33: =IFERROR(VALUE(L33),"") -> 0 | R33: =IF(O33="","",O33-TODAY()) | S33: =IF(C33="<< vazio >>","VAZIA",IF(AND(O33<>"",R33<0),"VENCIDO",IF(AND(O33<>"",R33<=Parametros!$B$10),"PRÓX. VENCIMENTO",IF(F33="Q","QUALIDADE",IF(F33="S","BLOQUEADO",IF(F33="R","RESTRITO/DEVOLUÇÃO",IF(OR(N33="QUAR",N33="QRES"),"QUARENTENA",IF(OR(B33="DESCARTE",B33="DEVOLUÇÃO"),"DESCARTE/DEVOLUÇÃO",IF(AND(D33="",K33<>""),"SEM LOTE",IF(AND(Q33<>"",Q33>=Parametros!$B$11),"PARADO/SEM GIRO","OK")))))))))) -> OK | T33: =IF(AND($S33="PARADO/SEM GIRO",$K33="KG",OR(Painel!$B$5="(Todos)",A33=Painel!$B$5)*OR(Painel!$E$5="(Todos)",P33=Painel!$E$5)),$J33+ROW()/10000000,"") | U33: =IF(AND($S33="VENCIDO",$K33="KG",OR(Painel!$B$5="(Todos)",A33=Painel!$B$5)*OR(Painel!$E$5="(Todos)",P33=Painel!$E$5)),$J33+ROW()/10000000,"")
A34: 922 | B34: TR-ZONE | C34: CHD-PO-7019570-K09 | D34: A25122-01 | E34: 79 | H34: 10.1 | I34: 46283 | J34: 10.1 | K34: KG | L34: 2 | N34: 9991 | P34: BR01 | Q34: =IFERROR(VALUE(L34),"") -> 2 | R34: =IF(O34="","",O34-TODAY()) | S34: =IF(C34="<< vazio >>","VAZIA",IF(AND(O34<>"",R34<0),"VENCIDO",IF(AND(O34<>"",R34<=Parametros!$B$10),"PRÓX. VENCIMENTO",IF(F34="Q","QUALIDADE",IF(F34="S","BLOQUEADO",IF(F34="R","RESTRITO/DEVOLUÇÃO",IF(OR(N34="QUAR",N34="QRES"),"QUARENTENA",IF(OR(B34="DESCARTE",B34="DEVOLUÇÃO"),"DESCARTE/DEVOLUÇÃO",IF(AND(D34="",K34<>""),"SEM LOTE",IF(AND(Q34<>"",Q34>=Parametros!$B$11),"PARADO/SEM GIRO","OK")))))))))) -> OK | T34: =IF(AND($S34="PARADO/SEM GIRO",$K34="KG",OR(Painel!$B$5="(Todos)",A34=Painel!$B$5)*OR(Painel!$E$5="(Todos)",P34=Painel!$E$5)),$J34+ROW()/10000000,"") | U34: =IF(AND($S34="VENCIDO",$K34="KG",OR(Painel!$B$5="(Todos)",A34=Painel!$B$5)*OR(Painel!$E$5="(Todos)",P34=Painel!$E$5)),$J34+ROW()/10000000,"")
A35: 922 | B35: TR-ZONE | C35: CHD-PO-7019570-K09 | D35: A26047-01 | E35: 79 | F35: R | H35: 10.1 | I35: 46262 | J35: 10.1 | K35: KG | L35: 23 | N35: 9999 | O35: 46615 | P35: BR01 | Q35: =IFERROR(VALUE(L35),"") -> 23 | R35: =IF(O35="","",O35-TODAY()) -> 330 | S35: =IF(C35="<< vazio >>","VAZIA",IF(AND(O35<>"",R35<0),"VENCIDO",IF(AND(O35<>"",R35<=Parametros!$B$10),"PRÓX. VENCIMENTO",IF(F35="Q","QUALIDADE",IF(F35="S","BLOQUEADO",IF(F35="R","RESTRITO/DEVOLUÇÃO",IF(OR(N35="QUAR",N35="QRES"),"QUARENTENA",IF(OR(B35="DESCARTE",B35="DEVOLUÇÃO"),"DESCARTE/DEVOLUÇÃO",IF(AND(D35="",K35<>""),"SEM LOTE",IF(AND(Q35<>"",Q35>=Parametros!$B$11),"PARADO/SEM GIRO","OK")))))))))) -> RESTRITO/DEVOLUÇÃO | T35: =IF(AND($S35="PARADO/SEM GIRO",$K35="KG",OR(Painel!$B$5="(Todos)",A35=Painel!$B$5)*OR(Painel!$E$5="(Todos)",P35=Painel!$E$5)),$J35+ROW()/10000000,"") | U35: =IF(AND($S35="VENCIDO",$K35="KG",OR(Painel!$B$5="(Todos)",A35=Painel!$B$5)*OR(Painel!$E$5="(Todos)",P35=Painel!$E$5)),$J35+ROW()/10000000,"")
A36: 922 | B36: TR-ZONE | C36: CHM-CC-CRISE0-02B | D36: LP256439 | E36: 79 | H36: -345.6 | I36: 46283 | J36: -345.6 | K36: KG | L36: 0 | N36: 9999 | P36: BR01 | Q36: =IFERROR(VALUE(L36),"") -> 0 | R36: =IF(O36="","",O36-TODAY()) | S36: =IF(C36="<< vazio >>","VAZIA",IF(AND(O36<>"",R36<0),"VENCIDO",IF(AND(O36<>"",R36<=Parametros!$B$10),"PRÓX. VENCIMENTO",IF(F36="Q","QUALIDADE",IF(F36="S","BLOQUEADO",IF(F36="R","RESTRITO/DEVOLUÇÃO",IF(OR(N36="QUAR",N36="QRES"),"QUARENTENA",IF(OR(B36="DESCARTE",B36="DEVOLUÇÃO"),"DESCARTE/DEVOLUÇÃO",IF(AND(D36="",K36<>""),"SEM LOTE",IF(AND(Q36<>"",Q36>=Parametros!$B$11),"PARADO/SEM GIRO","OK")))))))))) -> OK | T36: =IF(AND($S36="PARADO/SEM GIRO",$K36="KG",OR(Painel!$B$5="(Todos)",A36=Painel!$B$5)*OR(Painel!$E$5="(Todos)",P36=Painel!$E$5)),$J36+ROW()/10000000,"") | U36: =IF(AND($S36="VENCIDO",$K36="KG",OR(Painel!$B$5="(Todos)",A36=Painel!$B$5)*OR(Painel!$E$5="(Todos)",P36=Painel!$E$5)),$J36+ROW()/10000000,"")
A37: 922 | B37: TR-ZONE | C37: CHM-CC-CRISE0-02B | D37: LP256439 | E37: 79 | H37: 345.6 | I37: 46283 | J37: 345.6 | K37: KG | L37: 16 | N37: 9991 | P37: BR01 | Q37: =IFERROR(VALUE(L37),"") -> 16 | R37: =IF(O37="","",O37-TODAY()) | S37: =IF(C37="<< vazio >>","VAZIA",IF(AND(O37<>"",R37<0),"VENCIDO",IF(AND(O37<>"",R37<=Parametros!$B$10),"PRÓX. VENCIMENTO",IF(F37="Q","QUALIDADE",IF(F37="S","BLOQUEADO",IF(F37="R","RESTRITO/DEVOLUÇÃO",IF(OR(N37="QUAR",N37="QRES"),"QUARENTENA",IF(OR(B37="DESCARTE",B37="DEVOLUÇÃO"),"DESCARTE/DEVOLUÇÃO",IF(AND(D37="",K37<>""),"SEM LOTE",IF(AND(Q37<>"",Q37>=Parametros!$B$11),"PARADO/SEM GIRO","OK")))))))))) -> OK | T37: =IF(AND($S37="PARADO/SEM GIRO",$K37="KG",OR(Painel!$B$5="(Todos)",A37=Painel!$B$5)*OR(Painel!$E$5="(Todos)",P37=Painel!$E$5)),$J37+ROW()/10000000,"") | U37: =IF(AND($S37="VENCIDO",$K37="KG",OR(Painel!$B$5="(Todos)",A37=Painel!$B$5)*OR(Painel!$E$5="(Todos)",P37=Painel!$E$5)),$J37+ROW()/10000000,"")
A38: 922 | B38: TR-ZONE | C38: CHM-DR-0022852-039 | D38: A26201A01 | E38: 79 | F38: S | H38: -20 | I38: 46265 | J38: -20 | K38: KG | L38: 0 | N38: 9999 | O38: 46772 | P38: BR01 | Q38: =IFERROR(VALUE(L38),"") -> 0 | R38: =IF(O38="","",O38-TODAY()) -> 487 | S38: =IF(C38="<< vazio >>","VAZIA",IF(AND(O38<>"",R38<0),"VENCIDO",IF(AND(O38<>"",R38<=Parametros!$B$10),"PRÓX. VENCIMENTO",IF(F38="Q","QUALIDADE",IF(F38="S","BLOQUEADO",IF(F38="R","RESTRITO/DEVOLUÇÃO",IF(OR(N38="QUAR",N38="QRES"),"QUARENTENA",IF(OR(B38="DESCARTE",B38="DEVOLUÇÃO"),"DESCARTE/DEVOLUÇÃO",IF(AND(D38="",K38<>""),"SEM LOTE",IF(AND(Q38<>"",Q38>=Parametros!$B$11),"PARADO/SEM GIRO","OK")))))))))) -> BLOQUEADO | T38: =IF(AND($S38="PARADO/SEM GIRO",$K38="KG",OR(Painel!$B$5="(Todos)",A38=Painel!$B$5)*OR(Painel!$E$5="(Todos)",P38=Painel!$E$5)),$J38+ROW()/10000000,"") | U38: =IF(AND($S38="VENCIDO",$K38="KG",OR(Painel!$B$5="(Todos)",A38=Painel!$B$5)*OR(Painel!$E$5="(Todos)",P38=Painel!$E$5)),$J38+ROW()/10000000,"")
A39: 922 | B39: TR-ZONE | C39: CHM-EZ-0015801-039 | D39: A25113A01 | E39: 79 | F39: R | H39: -560 | I39: 46262 | J39: -560 | K39: KG | L39: 0 | N39: 9999 | P39: BR01 | Q39: =IFERROR(VALUE(L39),"") -> 0 | R39: =IF(O39="","",O39-TODAY()) | S39: =IF(C39="<< vazio >>","VAZIA",IF(AND(O39<>"",R39<0),"VENCIDO",IF(AND(O39<>"",R39<=Parametros!$B$10),"PRÓX. VENCIMENTO",IF(F39="Q","QUALIDADE",IF(F39="S","BLOQUEADO",IF(F39="R","RESTRITO/DEVOLUÇÃO",IF(OR(N39="QUAR",N39="QRES"),"QUARENTENA",IF(OR(B39="DESCARTE",B39="DEVOLUÇÃO"),"DESCARTE/DEVOLUÇÃO",IF(AND(D39="",K39<>""),"SEM LOTE",IF(AND(Q39<>"",Q39>=Parametros!$B$11),"PARADO/SEM GIRO","OK")))))))))) -> RESTRITO/DEVOLUÇÃO | T39: =IF(AND($S39="PARADO/SEM GIRO",$K39="KG",OR(Painel!$B$5="(Todos)",A39=Painel!$B$5)*OR(Painel!$E$5="(Todos)",P39=Painel!$E$5)),$J39+ROW()/10000000,"") | U39: =IF(AND($S39="VENCIDO",$K39="KG",OR(Painel!$B$5="(Todos)",A39=Painel!$B$5)*OR(Painel!$E$5="(Todos)",P39=Painel!$E$5)),$J39+ROW()/10000000,"")
A40: 922 | B40: TR-ZONE | C40: CHM-EZ-0015801-039 | D40: A25113A01 | E40: 79 | F40: S | H40: 560 | I40: 46265 | J40: 560 | K40: KG | L40: 23 | N40: 9999 | P40: BR01 | Q40: =IFERROR(VALUE(L40),"") -> 23 | R40: =IF(O40="","",O40-TODAY()) | S40: =IF(C40="<< vazio >>","VAZIA",IF(AND(O40<>"",R40<0),"VENCIDO",IF(AND(O40<>"",R40<=Parametros!$B$10),"PRÓX. VENCIMENTO",IF(F40="Q","QUALIDADE",IF(F40="S","BLOQUEADO",IF(F40="R","RESTRITO/DEVOLUÇÃO",IF(OR(N40="QUAR",N40="QRES"),"QUARENTENA",IF(OR(B40="DESCARTE",B40="DEVOLUÇÃO"),"DESCARTE/DEVOLUÇÃO",IF(AND(D40="",K40<>""),"SEM LOTE",IF(AND(Q40<>"",Q40>=Parametros!$B$11),"PARADO/SEM GIRO","OK")))))))))) -> BLOQUEADO | T40: =IF(AND($S40="PARADO/SEM GIRO",$K40="KG",OR(Painel!$B$5="(Todos)",A40=Painel!$B$5)*OR(Painel!$E$5="(Todos)",P40=Painel!$E$5)),$J40+ROW()/10000000,"") | U40: =IF(AND($S40="VENCIDO",$K40="KG",OR(Painel!$B$5="(Todos)",A40=Painel!$B$5)*OR(Painel!$E$5="(Todos)",P40=Painel!$E$5)),$J40+ROW()/10000000,"")
A41: 922 | B41: TR-ZONE | C41: CHM-EZ-0015801-K18 | D41: A26009B1 | E41: 79 | F41: S | H41: 36.36 | I41: 46280 | J41: 36.36 | K41: KG | L41: 5 | N41: 9999 | O41: 46592 | P41: BR01 | Q41: =IFERROR(VALUE(L41),"") -> 5 | R41: =IF(O41="","",O41-TODAY()) -> 307 | S41: =IF(C41="<< vazio >>","VAZIA",IF(AND(O41<>"",R41<0),"VENCIDO",IF(AND(O41<>"",R41<=Parametros!$B$10),"PRÓX. VENCIMENTO",IF(F41="Q","QUALIDADE",IF(F41="S","BLOQUEADO",IF(F41="R","RESTRITO/DEVOLUÇÃO",IF(OR(N41="QUAR",N41="QRES"),"QUARENTENA",IF(OR(B41="DESCARTE",B41="DEVOLUÇÃO"),"DESCARTE/DEVOLUÇÃO",IF(AND(D41="",K41<>""),"SEM LOTE",IF(AND(Q41<>"",Q41>=Parametros!$B$11),"PARADO/SEM GIRO","OK")))))))))) -> BLOQUEADO | T41: =IF(AND($S41="PARADO/SEM GIRO",$K41="KG",OR(Painel!$B$5="(Todos)",A41=Painel!$B$5)*OR(Painel!$E$5="(Todos)",P41=Painel!$E$5)),$J41+ROW()/10000000,"") | U41: =IF(AND($S41="VENCIDO",$K41="KG",OR(Painel!$B$5="(Todos)",A41=Painel!$B$5)*OR(Painel!$E$5="(Todos)",P41=Painel!$E$5)),$J41+ROW()/10000000,"")
A42: 922 | B42: TR-ZONE | C42: CHM-Q415AR-E4-U70 | D42: 250480201 | E42: 79 | H42: -670 | I42: 46285 | J42: -670 | K42: KG | L42: 0 | N42: 9999 | P42: BR01 | Q42: =IFERROR(VALUE(L42),"") -> 0 | R42: =IF(O42="","",O42-TODAY()) | S42: =IF(C42="<< vazio >>","VAZIA",IF(AND(O42<>"",R42<0),"VENCIDO",IF(AND(O42<>"",R42<=Parametros!$B$10),"PRÓX. VENCIMENTO",IF(F42="Q","QUALIDADE",IF(F42="S","BLOQUEADO",IF(F42="R","RESTRITO/DEVOLUÇÃO",IF(OR(N42="QUAR",N42="QRES"),"QUARENTENA",IF(OR(B42="DESCARTE",B42="DEVOLUÇÃO"),"DESCARTE/DEVOLUÇÃO",IF(AND(D42="",K42<>""),"SEM LOTE",IF(AND(Q42<>"",Q42>=Parametros!$B$11),"PARADO/SEM GIRO","OK")))))))))) -> OK | T42: =IF(AND($S42="PARADO/SEM GIRO",$K42="KG",OR(Painel!$B$5="(Todos)",A42=Painel!$B$5)*OR(Painel!$E$5="(Todos)",P42=Painel!$E$5)),$J42+ROW()/10000000,"") | U42: =IF(AND($S42="VENCIDO",$K42="KG",OR(Painel!$B$5="(Todos)",A42=Painel!$B$5)*OR(Painel!$E$5="(Todos)",P42=Painel!$E$5)),$J42+ROW()/10000000,"")
A43: 922 | B43: TR-ZONE | C43: CHM-Q415AR-E4-U70 | D43: 250480201 | E43: 79 | F43: S | H43: 670 | I43: 46285 | J43: 670 | K43: KG | L43: 0 | N43: 9999 | P43: BR01 | Q43: =IFERROR(VALUE(L43),"") -> 0 | R43: =IF(O43="","",O43-TODAY()) | S43: =IF(C43="<< vazio >>","VAZIA",IF(AND(O43<>"",R43<0),"VENCIDO",IF(AND(O43<>"",R43<=Parametros!$B$10),"PRÓX. VENCIMENTO",IF(F43="Q","QUALIDADE",IF(F43="S","BLOQUEADO",IF(F43="R","RESTRITO/DEVOLUÇÃO",IF(OR(N43="QUAR",N43="QRES"),"QUARENTENA",IF(OR(B43="DESCARTE",B43="DEVOLUÇÃO"),"DESCARTE/DEVOLUÇÃO",IF(AND(D43="",K43<>""),"SEM LOTE",IF(AND(Q43<>"",Q43>=Parametros!$B$11),"PARADO/SEM GIRO","OK")))))))))) -> BLOQUEADO | T43: =IF(AND($S43="PARADO/SEM GIRO",$K43="KG",OR(Painel!$B$5="(Todos)",A43=Painel!$B$5)*OR(Painel!$E$5="(Todos)",P43=Painel!$E$5)),$J43+ROW()/10000000,"") | U43: =IF(AND($S43="VENCIDO",$K43="KG",OR(Painel!$B$5="(Todos)",A43=Painel!$B$5)*OR(Painel!$E$5="(Todos)",P43=Painel!$E$5)),$J43+ROW()/10000000,"")
A44: 922 | B44: TR-ZONE | C44: CHM-SP-Z3M-BR-U73 | D44: 252540301 | E44: 79 | H44: -12 | I44: 46280 | J44: -12 | K44: KG | L44: 0 | N44: 9999 | P44: BR01 | Q44: =IFERROR(VALUE(L44),"") -> 0 | R44: =IF(O44="","",O44-TODAY()) | S44: =IF(C44="<< vazio >>","VAZIA",IF(AND(O44<>"",R44<0),"VENCIDO",IF(AND(O44<>"",R44<=Parametros!$B$10),"PRÓX. VENCIMENTO",IF(F44="Q","QUALIDADE",IF(F44="S","BLOQUEADO",IF(F44="R","RESTRITO/DEVOLUÇÃO",IF(OR(N44="QUAR",N44="QRES"),"QUARENTENA",IF(OR(B44="DESCARTE",B44="DEVOLUÇÃO"),"DESCARTE/DEVOLUÇÃO",IF(AND(D44="",K44<>""),"SEM LOTE",IF(AND(Q44<>"",Q44>=Parametros!$B$11),"PARADO/SEM GIRO","OK")))))))))) -> OK | T44: =IF(AND($S44="PARADO/SEM GIRO",$K44="KG",OR(Painel!$B$5="(Todos)",A44=Painel!$B$5)*OR(Painel!$E$5="(Todos)",P44=Painel!$E$5)),$J44+ROW()/10000000,"") | U44: =IF(AND($S44="VENCIDO",$K44="KG",OR(Painel!$B$5="(Todos)",A44=Painel!$B$5)*OR(Painel!$E$5="(Todos)",P44=Painel!$E$5)),$J44+ROW()/10000000,"")
A45: 922 | B45: TR-ZONE | C45: CHR-CC-CRISE0-02B | D45: LP255093 | E45: 79 | H45: -2.4 | I45: 46285 | J45: -2.4 | K45: KG | L45: 0 | N45: 9991 | P45: BR01 | Q45: =IFERROR(VALUE(L45),"") -> 0 | R45: =IF(O45="","",O45-TODAY()) | S45: =IF(C45="<< vazio >>","VAZIA",IF(AND(O45<>"",R45<0),"VENCIDO",IF(AND(O45<>"",R45<=Parametros!$B$10),"PRÓX. VENCIMENTO",IF(F45="Q","QUALIDADE",IF(F45="S","BLOQUEADO",IF(F45="R","RESTRITO/DEVOLUÇÃO",IF(OR(N45="QUAR",N45="QRES"),"QUARENTENA",IF(OR(B45="DESCARTE",B45="DEVOLUÇÃO"),"DESCARTE/DEVOLUÇÃO",IF(AND(D45="",K45<>""),"SEM LOTE",IF(AND(Q45<>"",Q45>=Parametros!$B$11),"PARADO/SEM GIRO","OK")))))))))) -> OK | T45: =IF(AND($S45="PARADO/SEM GIRO",$K45="KG",OR(Painel!$B$5="(Todos)",A45=Painel!$B$5)*OR(Painel!$E$5="(Todos)",P45=Painel!$E$5)),$J45+ROW()/10000000,"") | U45: =IF(AND($S45="VENCIDO",$K45="KG",OR(Painel!$B$5="(Todos)",A45=Painel!$B$5)*OR(Painel!$E$5="(Todos)",P45=Painel!$E$5)),$J45+ROW()/10000000,"")
A46: 922 | B46: TR-ZONE | C46: CHR-CC-CRISE0-02B | D46: LP255093 | E46: 79 | F46: S | H46: 2.4 | I46: 46285 | J46: 2.4 | K46: KG | L46: 0 | N46: 9991 | P46: BR01 | Q46: =IFERROR(VALUE(L46),"") -> 0 | R46: =IF(O46="","",O46-TODAY()) | S46: =IF(C46="<< vazio >>","VAZIA",IF(AND(O46<>"",R46<0),"VENCIDO",IF(AND(O46<>"",R46<=Parametros!$B$10),"PRÓX. VENCIMENTO",IF(F46="Q","QUALIDADE",IF(F46="S","BLOQUEADO",IF(F46="R","RESTRITO/DEVOLUÇÃO",IF(OR(N46="QUAR",N46="QRES"),"QUARENTENA",IF(OR(B46="DESCARTE",B46="DEVOLUÇÃO"),"DESCARTE/DEVOLUÇÃO",IF(AND(D46="",K46<>""),"SEM LOTE",IF(AND(Q46<>"",Q46>=Parametros!$B$11),"PARADO/SEM GIRO","OK")))))))))) -> BLOQUEADO | T46: =IF(AND($S46="PARADO/SEM GIRO",$K46="KG",OR(Painel!$B$5="(Todos)",A46=Painel!$B$5)*OR(Painel!$E$5="(Todos)",P46=Painel!$E$5)),$J46+ROW()/10000000,"") | U46: =IF(AND($S46="VENCIDO",$K46="KG",OR(Painel!$B$5="(Todos)",A46=Painel!$B$5)*OR(Painel!$E$5="(Todos)",P46=Painel!$E$5)),$J46+ROW()/10000000,"")
A47: 922 | B47: TR-ZONE | C47: CHR-CC-CRISE0-02B | D47: LP255106 | E47: 79 | H47: -3 | I47: 46285 | J47: -3 | K47: KG | L47: 0 | N47: 9991 | P47: BR01 | Q47: =IFERROR(VALUE(L47),"") -> 0 | R47: =IF(O47="","",O47-TODAY()) | S47: =IF(C47="<< vazio >>","VAZIA",IF(AND(O47<>"",R47<0),"VENCIDO",IF(AND(O47<>"",R47<=Parametros!$B$10),"PRÓX. VENCIMENTO",IF(F47="Q","QUALIDADE",IF(F47="S","BLOQUEADO",IF(F47="R","RESTRITO/DEVOLUÇÃO",IF(OR(N47="QUAR",N47="QRES"),"QUARENTENA",IF(OR(B47="DESCARTE",B47="DEVOLUÇÃO"),"DESCARTE/DEVOLUÇÃO",IF(AND(D47="",K47<>""),"SEM LOTE",IF(AND(Q47<>"",Q47>=Parametros!$B$11),"PARADO/SEM GIRO","OK")))))))))) -> OK | T47: =IF(AND($S47="PARADO/SEM GIRO",$K47="KG",OR(Painel!$B$5="(Todos)",A47=Painel!$B$5)*OR(Painel!$E$5="(Todos)",P47=Painel!$E$5)),$J47+ROW()/10000000,"") | U47: =IF(AND($S47="VENCIDO",$K47="KG",OR(Painel!$B$5="(Todos)",A47=Painel!$B$5)*OR(Painel!$E$5="(Todos)",P47=Painel!$E$5)),$J47+ROW()/10000000,"")
A48: 922 | B48: TR-ZONE | C48: CHR-CC-CRISE0-02B | D48: LP255106 | E48: 79 | F48: S | H48: 3 | I48: 46285 | J48: 3 | K48: KG | L48: 0 | N48: 9991 | P48: BR01 | Q48: =IFERROR(VALUE(L48),"") -> 0 | R48: =IF(O48="","",O48-TODAY()) | S48: =IF(C48="<< vazio >>","VAZIA",IF(AND(O48<>"",R48<0),"VENCIDO",IF(AND(O48<>"",R48<=Parametros!$B$10),"PRÓX. VENCIMENTO",IF(F48="Q","QUALIDADE",IF(F48="S","BLOQUEADO",IF(F48="R","RESTRITO/DEVOLUÇÃO",IF(OR(N48="QUAR",N48="QRES"),"QUARENTENA",IF(OR(B48="DESCARTE",B48="DEVOLUÇÃO"),"DESCARTE/DEVOLUÇÃO",IF(AND(D48="",K48<>""),"SEM LOTE",IF(AND(Q48<>"",Q48>=Parametros!$B$11),"PARADO/SEM GIRO","OK")))))))))) -> BLOQUEADO | T48: =IF(AND($S48="PARADO/SEM GIRO",$K48="KG",OR(Painel!$B$5="(Todos)",A48=Painel!$B$5)*OR(Painel!$E$5="(Todos)",P48=Painel!$E$5)),$J48+ROW()/10000000,"") | U48: =IF(AND($S48="VENCIDO",$K48="KG",OR(Painel!$B$5="(Todos)",A48=Painel!$B$5)*OR(Painel!$E$5="(Todos)",P48=Painel!$E$5)),$J48+ROW()/10000000,"")
A49: 922 | B49: TR-ZONE | C49: CHR-Q37RB2-2B-U75 | D49: 251540301 | E49: 79 | H49: -10 | I49: 46268 | J49: -10 | K49: KG | L49: 0 | N49: 9999 | P49: BR01 | Q49: =IFERROR(VALUE(L49),"") -> 0 | R49: =IF(O49="","",O49-TODAY()) | S49: =IF(C49="<< vazio >>","VAZIA",IF(AND(O49<>"",R49<0),"VENCIDO",IF(AND(O49<>"",R49<=Parametros!$B$10),"PRÓX. VENCIMENTO",IF(F49="Q","QUALIDADE",IF(F49="S","BLOQUEADO",IF(F49="R","RESTRITO/DEVOLUÇÃO",IF(OR(N49="QUAR",N49="QRES"),"QUARENTENA",IF(OR(B49="DESCARTE",B49="DEVOLUÇÃO"),"DESCARTE/DEVOLUÇÃO",IF(AND(D49="",K49<>""),"SEM LOTE",IF(AND(Q49<>"",Q49>=Parametros!$B$11),"PARADO/SEM GIRO","OK")))))))))) -> OK | T49: =IF(AND($S49="PARADO/SEM GIRO",$K49="KG",OR(Painel!$B$5="(Todos)",A49=Painel!$B$5)*OR(Painel!$E$5="(Todos)",P49=Painel!$E$5)),$J49+ROW()/10000000,"") | U49: =IF(AND($S49="VENCIDO",$K49="KG",OR(Painel!$B$5="(Todos)",A49=Painel!$B$5)*OR(Painel!$E$5="(Todos)",P49=Painel!$E$5)),$J49+ROW()/10000000,"")
A50: 922 | B50: TR-ZONE | C50: CHR-Q37RB2-2B-U75 | D50: 251540301 | E50: 79 | H50: 10 | I50: 46268 | J50: 10 | K50: KG | L50: 17 | N50: 9991 | P50: BR01 | Q50: =IFERROR(VALUE(L50),"") -> 17 | R50: =IF(O50="","",O50-TODAY()) | S50: =IF(C50="<< vazio >>","VAZIA",IF(AND(O50<>"",R50<0),"VENCIDO",IF(AND(O50<>"",R50<=Parametros!$B$10),"PRÓX. VENCIMENTO",IF(F50="Q","QUALIDADE",IF(F50="S","BLOQUEADO",IF(F50="R","RESTRITO/DEVOLUÇÃO",IF(OR(N50="QUAR",N50="QRES"),"QUARENTENA",IF(OR(B50="DESCARTE",B50="DEVOLUÇÃO"),"DESCARTE/DEVOLUÇÃO",IF(AND(D50="",K50<>""),"SEM LOTE",IF(AND(Q50<>"",Q50>=Parametros!$B$11),"PARADO/SEM GIRO","OK")))))))))) -> OK | T50: =IF(AND($S50="PARADO/SEM GIRO",$K50="KG",OR(Painel!$B$5="(Todos)",A50=Painel!$B$5)*OR(Painel!$E$5="(Todos)",P50=Painel!$E$5)),$J50+ROW()/10000000,"") | U50: =IF(AND($S50="VENCIDO",$K50="KG",OR(Painel!$B$5="(Todos)",A50=Painel!$B$5)*OR(Painel!$E$5="(Todos)",P50=Painel!$E$5)),$J50+ROW()/10000000,"")
A51: 922 | B51: TR-ZONE | C51: CHW-CC-CRISE0-02B | D51: LP254048 | E51: 79 | H51: -441.6 | I51: 46285 | J51: -441.6 | K51: KG | L51: 0 | N51: 9999 | P51: BR01 | Q51: =IFERROR(VALUE(L51),"") -> 0 | R51: =IF(O51="","",O51-TODAY()) | S51: =IF(C51="<< vazio >>","VAZIA",IF(AND(O51<>"",R51<0),"VENCIDO",IF(AND(O51<>"",R51<=Parametros!$B$10),"PRÓX. VENCIMENTO",IF(F51="Q","QUALIDADE",IF(F51="S","BLOQUEADO",IF(F51="R","RESTRITO/DEVOLUÇÃO",IF(OR(N51="QUAR",N51="QRES"),"QUARENTENA",IF(OR(B51="DESCARTE",B51="DEVOLUÇÃO"),"DESCARTE/DEVOLUÇÃO",IF(AND(D51="",K51<>""),"SEM LOTE",IF(AND(Q51<>"",Q51>=Parametros!$B$11),"PARADO/SEM GIRO","OK")))))))))) -> OK | T51: =IF(AND($S51="PARADO/SEM GIRO",$K51="KG",OR(Painel!$B$5="(Todos)",A51=Painel!$B$5)*OR(Painel!$E$5="(Todos)",P51=Painel!$E$5)),$J51+ROW()/10000000,"") | U51: =IF(AND($S51="VENCIDO",$K51="KG",OR(Painel!$B$5="(Todos)",A51=Painel!$B$5)*OR(Painel!$E$5="(Todos)",P51=Painel!$E$5)),$J51+ROW()/10000000,"")
A52: 922 | B52: TR-ZONE | C52: CHW-CC-CRISE0-02B | D52: LP254048 | E52: 79 | F52: S | H52: 441.6 | I52: 46285 | J52: 441.6 | K52: KG | L52: 0 | N52: 9999 | P52: BR01 | Q52: =IFERROR(VALUE(L52),"") -> 0 | R52: =IF(O52="","",O52-TODAY()) | S52: =IF(C52="<< vazio >>","VAZIA",IF(AND(O52<>"",R52<0),"VENCIDO",IF(AND(O52<>"",R52<=Parametros!$B$10),"PRÓX. VENCIMENTO",IF(F52="Q","QUALIDADE",IF(F52="S","BLOQUEADO",IF(F52="R","RESTRITO/DEVOLUÇÃO",IF(OR(N52="QUAR",N52="QRES"),"QUARENTENA",IF(OR(B52="DESCARTE",B52="DEVOLUÇÃO"),"DESCARTE/DEVOLUÇÃO",IF(AND(D52="",K52<>""),"SEM LOTE",IF(AND(Q52<>"",Q52>=Parametros!$B$11),"PARADO/SEM GIRO","OK")))))))))) -> BLOQUEADO | T52: =IF(AND($S52="PARADO/SEM GIRO",$K52="KG",OR(Painel!$B$5="(Todos)",A52=Painel!$B$5)*OR(Painel!$E$5="(Todos)",P52=Painel!$E$5)),$J52+ROW()/10000000,"") | U52: =IF(AND($S52="VENCIDO",$K52="KG",OR(Painel!$B$5="(Todos)",A52=Painel!$B$5)*OR(Painel!$E$5="(Todos)",P52=Painel!$E$5)),$J52+ROW()/10000000,"")
A53: 922 | B53: TR-ZONE | C53: CHW-VR-Z5S-BR-U73 | D53: 252690302 | E53: 79 | H53: -30 | I53: 46281 | J53: -30 | K53: KG | L53: 0 | N53: 0355 | P53: BR01 | Q53: =IFERROR(VALUE(L53),"") -> 0 | R53: =IF(O53="","",O53-TODAY()) | S53: =IF(C53="<< vazio >>","VAZIA",IF(AND(O53<>"",R53<0),"VENCIDO",IF(AND(O53<>"",R53<=Parametros!$B$10),"PRÓX. VENCIMENTO",IF(F53="Q","QUALIDADE",IF(F53="S","BLOQUEADO",IF(F53="R","RESTRITO/DEVOLUÇÃO",IF(OR(N53="QUAR",N53="QRES"),"QUARENTENA",IF(OR(B53="DESCARTE",B53="DEVOLUÇÃO"),"DESCARTE/DEVOLUÇÃO",IF(AND(D53="",K53<>""),"SEM LOTE",IF(AND(Q53<>"",Q53>=Parametros!$B$11),"PARADO/SEM GIRO","OK")))))))))) -> OK | T53: =IF(AND($S53="PARADO/SEM GIRO",$K53="KG",OR(Painel!$B$5="(Todos)",A53=Painel!$B$5)*OR(Painel!$E$5="(Todos)",P53=Painel!$E$5)),$J53+ROW()/10000000,"") | U53: =IF(AND($S53="VENCIDO",$K53="KG",OR(Painel!$B$5="(Todos)",A53=Painel!$B$5)*OR(Painel!$E$5="(Todos)",P53=Painel!$E$5)),$J53+ROW()/10000000,"")
A54: 922 | B54: TR-ZONE | C54: CHW-VR-Z5S-BR-U73 | D54: 252690302 | E54: 79 | H54: 30 | I54: 46281 | J54: 30 | K54: KG | L54: 10 | N54: 9991 | P54: BR01 | Q54: =IFERROR(VALUE(L54),"") -> 10 | R54: =IF(O54="","",O54-TODAY()) | S54: =IF(C54="<< vazio >>","VAZIA",IF(AND(O54<>"",R54<0),"VENCIDO",IF(AND(O54<>"",R54<=Parametros!$B$10),"PRÓX. VENCIMENTO",IF(F54="Q","QUALIDADE",IF(F54="S","BLOQUEADO",IF(F54="R","RESTRITO/DEVOLUÇÃO",IF(OR(N54="QUAR",N54="QRES"),"QUARENTENA",IF(OR(B54="DESCARTE",B54="DEVOLUÇÃO"),"DESCARTE/DEVOLUÇÃO",IF(AND(D54="",K54<>""),"SEM LOTE",IF(AND(Q54<>"",Q54>=Parametros!$B$11),"PARADO/SEM GIRO","OK")))))))))) -> OK | T54: =IF(AND($S54="PARADO/SEM GIRO",$K54="KG",OR(Painel!$B$5="(Todos)",A54=Painel!$B$5)*OR(Painel!$E$5="(Todos)",P54=Painel!$E$5)),$J54+ROW()/10000000,"") | U54: =IF(AND($S54="VENCIDO",$K54="KG",OR(Painel!$B$5="(Todos)",A54=Painel!$B$5)*OR(Painel!$E$5="(Todos)",P54=Painel!$E$5)),$J54+ROW()/10000000,"")
A55: 922 | B55: TR-ZONE | C55: CRD-BL-7021370-B94 | D55: A26112-22 | E55: 79 | H55: 40.4 | I55: 46265 | J55: 40.4 | K55: KG | L55: 20 | N55: 9999 | O55: 46865 | P55: BR01 | Q55: =IFERROR(VALUE(L55),"") -> 20 | R55: =IF(O55="","",O55-TODAY()) -> 580 | S55: =IF(C55="<< vazio >>","VAZIA",IF(AND(O55<>"",R55<0),"VENCIDO",IF(AND(O55<>"",R55<=Parametros!$B$10),"PRÓX. VENCIMENTO",IF(F55="Q","QUALIDADE",IF(F55="S","BLOQUEADO",IF(F55="R","RESTRITO/DEVOLUÇÃO",IF(OR(N55="QUAR",N55="QRES"),"QUARENTENA",IF(OR(B55="DESCARTE",B55="DEVOLUÇÃO"),"DESCARTE/DEVOLUÇÃO",IF(AND(D55="",K55<>""),"SEM LOTE",IF(AND(Q55<>"",Q55>=Parametros!$B$11),"PARADO/SEM GIRO","OK")))))))))) -> OK | T55: =IF(AND($S55="PARADO/SEM GIRO",$K55="KG",OR(Painel!$B$5="(Todos)",A55=Painel!$B$5)*OR(Painel!$E$5="(Todos)",P55=Painel!$E$5)),$J55+ROW()/10000000,"") | U55: =IF(AND($S55="VENCIDO",$K55="KG",OR(Painel!$B$5="(Todos)",A55=Painel!$B$5)*OR(Painel!$E$5="(Todos)",P55=Painel!$E$5)),$J55+ROW()/10000000,"")
A56: 922 | B56: TR-ZONE | C56: CRD-BL-7021370-B94 | D56: A26112-22 | E56: 79 | H56: -20.2 | I56: 46265 | J56: -20.2 | K56: KG | L56: 0 | N56: 0355 | O56: 46865 | P56: BR01 | Q56: =IFERROR(VALUE(L56),"") -> 0 | R56: =IF(O56="","",O56-TODAY()) -> 580 | S56: =IF(C56="<< vazio >>","VAZIA",IF(AND(O56<>"",R56<0),"VENCIDO",IF(AND(O56<>"",R56<=Parametros!$B$10),"PRÓX. VENCIMENTO",IF(F56="Q","QUALIDADE",IF(F56="S","BLOQUEADO",IF(F56="R","RESTRITO/DEVOLUÇÃO",IF(OR(N56="QUAR",N56="QRES"),"QUARENTENA",IF(OR(B56="DESCARTE",B56="DEVOLUÇÃO"),"DESCARTE/DEVOLUÇÃO",IF(AND(D56="",K56<>""),"SEM LOTE",IF(AND(Q56<>"",Q56>=Parametros!$B$11),"PARADO/SEM GIRO","OK")))))))))) -> OK | T56: =IF(AND($S56="PARADO/SEM GIRO",$K56="KG",OR(Painel!$B$5="(Todos)",A56=Painel!$B$5)*OR(Painel!$E$5="(Todos)",P56=Painel!$E$5)),$J56+ROW()/10000000,"") | U56: =IF(AND($S56="VENCIDO",$K56="KG",OR(Painel!$B$5="(Todos)",A56=Painel!$B$5)*OR(Painel!$E$5="(Todos)",P56=Painel!$E$5)),$J56+ROW()/10000000,"")
A57: 922 | B57: TR-ZONE | C57: CRD-BL-8002915-A12 | D57: A25273-21 | E57: 79 | H57: 1554 | I57: 46266 | J57: 1554 | K57: KG | L57: 19 | N57: 0355 | P57: BR01 | Q57: =IFERROR(VALUE(L57),"") -> 19 | R57: =IF(O57="","",O57-TODAY()) | S57: =IF(C57="<< vazio >>","VAZIA",IF(AND(O57<>"",R57<0),"VENCIDO",IF(AND(O57<>"",R57<=Parametros!$B$10),"PRÓX. VENCIMENTO",IF(F57="Q","QUALIDADE",IF(F57="S","BLOQUEADO",IF(F57="R","RESTRITO/DEVOLUÇÃO",IF(OR(N57="QUAR",N57="QRES"),"QUARENTENA",IF(OR(B57="DESCARTE",B57="DEVOLUÇÃO"),"DESCARTE/DEVOLUÇÃO",IF(AND(D57="",K57<>""),"SEM LOTE",IF(AND(Q57<>"",Q57>=Parametros!$B$11),"PARADO/SEM GIRO","OK")))))))))) -> OK | T57: =IF(AND($S57="PARADO/SEM GIRO",$K57="KG",OR(Painel!$B$5="(Todos)",A57=Painel!$B$5)*OR(Painel!$E$5="(Todos)",P57=Painel!$E$5)),$J57+ROW()/10000000,"") | U57: =IF(AND($S57="VENCIDO",$K57="KG",OR(Painel!$B$5="(Todos)",A57=Painel!$B$5)*OR(Painel!$E$5="(Todos)",P57=Painel!$E$5)),$J57+ROW()/10000000,"")
A58: 922 | B58: TR-ZONE | C58: CRD-BL-8002915-A12 | D58: A25273-21 | E58: 79 | H58: -420 | I58: 46266 | J58: -420 | K58: KG | L58: 0 | N58: 9999 | P58: BR01 | Q58: =IFERROR(VALUE(L58),"") -> 0 | R58: =IF(O58="","",O58-TODAY()) | S58: =IF(C58="<< vazio >>","VAZIA",IF(AND(O58<>"",R58<0),"VENCIDO",IF(AND(O58<>"",R58<=Parametros!$B$10),"PRÓX. VENCIMENTO",IF(F58="Q","QUALIDADE",IF(F58="S","BLOQUEADO",IF(F58="R","RESTRITO/DEVOLUÇÃO",IF(OR(N58="QUAR",N58="QRES"),"QUARENTENA",IF(OR(B58="DESCARTE",B58="DEVOLUÇÃO"),"DESCARTE/DEVOLUÇÃO",IF(AND(D58="",K58<>""),"SEM LOTE",IF(AND(Q58<>"",Q58>=Parametros!$B$11),"PARADO/SEM GIRO","OK")))))))))) -> OK | T58: =IF(AND($S58="PARADO/SEM GIRO",$K58="KG",OR(Painel!$B$5="(Todos)",A58=Painel!$B$5)*OR(Painel!$E$5="(Todos)",P58=Painel!$E$5)),$J58+ROW()/10000000,"") | U58: =IF(AND($S58="VENCIDO",$K58="KG",OR(Painel!$B$5="(Todos)",A58=Painel!$B$5)*OR(Painel!$E$5="(Todos)",P58=Painel!$E$5)),$J58+ROW()/10000000,"")
A59: 922 | B59: TR-ZONE | C59: CRD-KB-7002918-E05 | D59: A26143-01 | E59: 79 | H59: -1400 | I59: 46282 | J59: -1400 | K59: KG | L59: 0 | N59: 9999 | P59: BR01 | Q59: =IFERROR(VALUE(L59),"") -> 0 | R59: =IF(O59="","",O59-TODAY()) | S59: =IF(C59="<< vazio >>","VAZIA",IF(AND(O59<>"",R59<0),"VENCIDO",IF(AND(O59<>"",R59<=Parametros!$B$10),"PRÓX. VENCIMENTO",IF(F59="Q","QUALIDADE",IF(F59="S","BLOQUEADO",IF(F59="R","RESTRITO/DEVOLUÇÃO",IF(OR(N59="QUAR",N59="QRES"),"QUARENTENA",IF(OR(B59="DESCARTE",B59="DEVOLUÇÃO"),"DESCARTE/DEVOLUÇÃO",IF(AND(D59="",K59<>""),"SEM LOTE",IF(AND(Q59<>"",Q59>=Parametros!$B$11),"PARADO/SEM GIRO","OK")))))))))) -> OK | T59: =IF(AND($S59="PARADO/SEM GIRO",$K59="KG",OR(Painel!$B$5="(Todos)",A59=Painel!$B$5)*OR(Painel!$E$5="(Todos)",P59=Painel!$E$5)),$J59+ROW()/10000000,"") | U59: =IF(AND($S59="VENCIDO",$K59="KG",OR(Painel!$B$5="(Todos)",A59=Painel!$B$5)*OR(Painel!$E$5="(Todos)",P59=Painel!$E$5)),$J59+ROW()/10000000,"")
A60: 922 | B60: TR-ZONE | C60: CRM-BL-0021380-B94 | D60: A25147-21 | E60: 79 | H60: -282.8 | I60: 46281 | J60: -282.8 | K60: KG | L60: 0 | N60: 9991 | O60: 46353 | P60: BR01 | Q60: =IFERROR(VALUE(L60),"") -> 0 | R60: =IF(O60="","",O60-TODAY()) -> 68 | S60: =IF(C60="<< vazio >>","VAZIA",IF(AND(O60<>"",R60<0),"VENCIDO",IF(AND(O60<>"",R60<=Parametros!$B$10),"PRÓX. VENCIMENTO",IF(F60="Q","QUALIDADE",IF(F60="S","BLOQUEADO",IF(F60="R","RESTRITO/DEVOLUÇÃO",IF(OR(N60="QUAR",N60="QRES"),"QUARENTENA",IF(OR(B60="DESCARTE",B60="DEVOLUÇÃO"),"DESCARTE/DEVOLUÇÃO",IF(AND(D60="",K60<>""),"SEM LOTE",IF(AND(Q60<>"",Q60>=Parametros!$B$11),"PARADO/SEM GIRO","OK")))))))))) -> OK | T60: =IF(AND($S60="PARADO/SEM GIRO",$K60="KG",OR(Painel!$B$5="(Todos)",A60=Painel!$B$5)*OR(Painel!$E$5="(Todos)",P60=Painel!$E$5)),$J60+ROW()/10000000,"") | U60: =IF(AND($S60="VENCIDO",$K60="KG",OR(Painel!$B$5="(Todos)",A60=Painel!$B$5)*OR(Painel!$E$5="(Todos)",P60=Painel!$E$5)),$J60+ROW()/10000000,"")
A61: 922 | B61: TR-ZONE | C61: CRM-BL-0021380-B94 | D61: A25147-21 | E61: 79 | F61: S | H61: 282.8 | I61: 46281 | J61: 282.8 | K61: KG | L61: 14 | N61: 9991 | P61: BR01 | Q61: =IFERROR(VALUE(L61),"") -> 14 | R61: =IF(O61="","",O61-TODAY()) | S61: =IF(C61="<< vazio >>","VAZIA",IF(AND(O61<>"",R61<0),"VENCIDO",IF(AND(O61<>"",R61<=Parametros!$B$10),"PRÓX. VENCIMENTO",IF(F61="Q","QUALIDADE",IF(F61="S","BLOQUEADO",IF(F61="R","RESTRITO/DEVOLUÇÃO",IF(OR(N61="QUAR",N61="QRES"),"QUARENTENA",IF(OR(B61="DESCARTE",B61="DEVOLUÇÃO"),"DESCARTE/DEVOLUÇÃO",IF(AND(D61="",K61<>""),"SEM LOTE",IF(AND(Q61<>"",Q61>=Parametros!$B$11),"PARADO/SEM GIRO","OK")))))))))) -> BLOQUEADO | T61: =IF(AND($S61="PARADO/SEM GIRO",$K61="KG",OR(Painel!$B$5="(Todos)",A61=Painel!$B$5)*OR(Painel!$E$5="(Todos)",P61=Painel!$E$5)),$J61+ROW()/10000000,"") | U61: =IF(AND($S61="VENCIDO",$K61="KG",OR(Painel!$B$5="(Todos)",A61=Painel!$B$5)*OR(Painel!$E$5="(Todos)",P61=Painel!$E$5)),$J61+ROW()/10000000,"")
A62: 922 | B62: TR-ZONE | C62: CRM-DR-0070002-039 | D62: A26228B11 | E62: 79 | H62: -40 | I62: 46272 | J62: -40 | K62: KG | L62: 0 | N62: 9999 | P62: BR01 | Q62: =IFERROR(VALUE(L62),"") -> 0 | R62: =IF(O62="","",O62-TODAY()) | S62: =IF(C62="<< vazio >>","VAZIA",IF(AND(O62<>"",R62<0),"VENCIDO",IF(AND(O62<>"",R62<=Parametros!$B$10),"PRÓX. VENCIMENTO",IF(F62="Q","QUALIDADE",IF(F62="S","BLOQUEADO",IF(F62="R","RESTRITO/DEVOLUÇÃO",IF(OR(N62="QUAR",N62="QRES"),"QUARENTENA",IF(OR(B62="DESCARTE",B62="DEVOLUÇÃO"),"DESCARTE/DEVOLUÇÃO",IF(AND(D62="",K62<>""),"SEM LOTE",IF(AND(Q62<>"",Q62>=Parametros!$B$11),"PARADO/SEM GIRO","OK")))))))))) -> OK | T62: =IF(AND($S62="PARADO/SEM GIRO",$K62="KG",OR(Painel!$B$5="(Todos)",A62=Painel!$B$5)*OR(Painel!$E$5="(Todos)",P62=Painel!$E$5)),$J62+ROW()/10000000,"") | U62: =IF(AND($S62="VENCIDO",$K62="KG",OR(Painel!$B$5="(Todos)",A62=Painel!$B$5)*OR(Painel!$E$5="(Todos)",P62=Painel!$E$5)),$J62+ROW()/10000000,"")
A63: 922 | B63: TR-ZONE | C63: CRM-DR-0070002-039 | D63: A26228B11 | E63: 79 | F63: S | H63: 40 | I63: 46272 | J63: 40 | K63: KG | L63: 14 | N63: 9999 | P63: BR01 | Q63: =IFERROR(VALUE(L63),"") -> 14 | R63: =IF(O63="","",O63-TODAY()) | S63: =IF(C63="<< vazio >>","VAZIA",IF(AND(O63<>"",R63<0),"VENCIDO",IF(AND(O63<>"",R63<=Parametros!$B$10),"PRÓX. VENCIMENTO",IF(F63="Q","QUALIDADE",IF(F63="S","BLOQUEADO",IF(F63="R","RESTRITO/DEVOLUÇÃO",IF(OR(N63="QUAR",N63="QRES"),"QUARENTENA",IF(OR(B63="DESCARTE",B63="DEVOLUÇÃO"),"DESCARTE/DEVOLUÇÃO",IF(AND(D63="",K63<>""),"SEM LOTE",IF(AND(Q63<>"",Q63>=Parametros!$B$11),"PARADO/SEM GIRO","OK")))))))))) -> BLOQUEADO | T63: =IF(AND($S63="PARADO/SEM GIRO",$K63="KG",OR(Painel!$B$5="(Todos)",A63=Painel!$B$5)*OR(Painel!$E$5="(Todos)",P63=Painel!$E$5)),$J63+ROW()/10000000,"") | U63: =IF(AND($S63="VENCIDO",$K63="KG",OR(Painel!$B$5="(Todos)",A63=Painel!$B$5)*OR(Painel!$E$5="(Todos)",P63=Painel!$E$5)),$J63+ROW()/10000000,"")
A64: 922 | B64: TR-ZONE | C64: CRM-DR-0070004-039 | D64: A26085B12 | E64: 79 | H64: -20 | I64: 46262 | J64: -20 | K64: KG | L64: 0 | N64: 9999 | P64: BR01 | Q64: =IFERROR(VALUE(L64),"") -> 0 | R64: =IF(O64="","",O64-TODAY()) | S64: =IF(C64="<< vazio >>","VAZIA",IF(AND(O64<>"",R64<0),"VENCIDO",IF(AND(O64<>"",R64<=Parametros!$B$10),"PRÓX. VENCIMENTO",IF(F64="Q","QUALIDADE",IF(F64="S","BLOQUEADO",IF(F64="R","RESTRITO/DEVOLUÇÃO",IF(OR(N64="QUAR",N64="QRES"),"QUARENTENA",IF(OR(B64="DESCARTE",B64="DEVOLUÇÃO"),"DESCARTE/DEVOLUÇÃO",IF(AND(D64="",K64<>""),"SEM LOTE",IF(AND(Q64<>"",Q64>=Parametros!$B$11),"PARADO/SEM GIRO","OK")))))))))) -> OK | T64: =IF(AND($S64="PARADO/SEM GIRO",$K64="KG",OR(Painel!$B$5="(Todos)",A64=Painel!$B$5)*OR(Painel!$E$5="(Todos)",P64=Painel!$E$5)),$J64+ROW()/10000000,"") | U64: =IF(AND($S64="VENCIDO",$K64="KG",OR(Painel!$B$5="(Todos)",A64=Painel!$B$5)*OR(Painel!$E$5="(Todos)",P64=Painel!$E$5)),$J64+ROW()/10000000,"")
A65: 922 | B65: TR-ZONE | C65: CRM-EZ-0070507-K15 | D65: A26046A22 | E65: 79 | H65: -24.24 | I65: 46272 | J65: -24.24 | K65: KG | L65: 0 | N65: 9999 | P65: BR01 | Q65: =IFERROR(VALUE(L65),"") -> 0 | R65: =IF(O65="","",O65-TODAY()) | S65: =IF(C65="<< vazio >>","VAZIA",IF(AND(O65<>"",R65<0),"VENCIDO",IF(AND(O65<>"",R65<=Parametros!$B$10),"PRÓX. VENCIMENTO",IF(F65="Q","QUALIDADE",IF(F65="S","BLOQUEADO",IF(F65="R","RESTRITO/DEVOLUÇÃO",IF(OR(N65="QUAR",N65="QRES"),"QUARENTENA",IF(OR(B65="DESCARTE",B65="DEVOLUÇÃO"),"DESCARTE/DEVOLUÇÃO",IF(AND(D65="",K65<>""),"SEM LOTE",IF(AND(Q65<>"",Q65>=Parametros!$B$11),"PARADO/SEM GIRO","OK")))))))))) -> OK | T65: =IF(AND($S65="PARADO/SEM GIRO",$K65="KG",OR(Painel!$B$5="(Todos)",A65=Painel!$B$5)*OR(Painel!$E$5="(Todos)",P65=Painel!$E$5)),$J65+ROW()/10000000,"") | U65: =IF(AND($S65="VENCIDO",$K65="KG",OR(Painel!$B$5="(Todos)",A65=Painel!$B$5)*OR(Painel!$E$5="(Todos)",P65=Painel!$E$5)),$J65+ROW()/10000000,"")
A66: 922 | B66: TR-ZONE | C66: CRM-EZ-0070507-K15 | D66: A26046A22 | E66: 79 | F66: S | H66: 24.24 | I66: 46272 | J66: 24.24 | K66: KG | L66: 14 | N66: 9999 | P66: BR01 | Q66: =IFERROR(VALUE(L66),"") -> 14 | R66: =IF(O66="","",O66-TODAY()) | S66: =IF(C66="<< vazio >>","VAZIA",IF(AND(O66<>"",R66<0),"VENCIDO",IF(AND(O66<>"",R66<=Parametros!$B$10),"PRÓX. VENCIMENTO",IF(F66="Q","QUALIDADE",IF(F66="S","BLOQUEADO",IF(F66="R","RESTRITO/DEVOLUÇÃO",IF(OR(N66="QUAR",N66="QRES"),"QUARENTENA",IF(OR(B66="DESCARTE",B66="DEVOLUÇÃO"),"DESCARTE/DEVOLUÇÃO",IF(AND(D66="",K66<>""),"SEM LOTE",IF(AND(Q66<>"",Q66>=Parametros!$B$11),"PARADO/SEM GIRO","OK")))))))))) -> BLOQUEADO | T66: =IF(AND($S66="PARADO/SEM GIRO",$K66="KG",OR(Painel!$B$5="(Todos)",A66=Painel!$B$5)*OR(Painel!$E$5="(Todos)",P66=Painel!$E$5)),$J66+ROW()/10000000,"") | U66: =IF(AND($S66="VENCIDO",$K66="KG",OR(Painel!$B$5="(Todos)",A66=Painel!$B$5)*OR(Painel!$E$5="(Todos)",P66=Painel!$E$5)),$J66+ROW()/10000000,"")
A67: 922 | B67: TR-ZONE | C67: CRM-EZ-0075800-K15 | D67: A25354B31 | E67: 79 | H67: -24.24 | I67: 46272 | J67: -24.24 | K67: KG | L67: 0 | N67: 9999 | P67: BR01 | Q67: =IFERROR(VALUE(L67),"") -> 0 | R67: =IF(O67="","",O67-TODAY()) | S67: =IF(C67="<< vazio >>","VAZIA",IF(AND(O67<>"",R67<0),"VENCIDO",IF(AND(O67<>"",R67<=Parametros!$B$10),"PRÓX. VENCIMENTO",IF(F67="Q","QUALIDADE",IF(F67="S","BLOQUEADO",IF(F67="R","RESTRITO/DEVOLUÇÃO",IF(OR(N67="QUAR",N67="QRES"),"QUARENTENA",IF(OR(B67="DESCARTE",B67="DEVOLUÇÃO"),"DESCARTE/DEVOLUÇÃO",IF(AND(D67="",K67<>""),"SEM LOTE",IF(AND(Q67<>"",Q67>=Parametros!$B$11),"PARADO/SEM GIRO","OK")))))))))) -> OK | T67: =IF(AND($S67="PARADO/SEM GIRO",$K67="KG",OR(Painel!$B$5="(Todos)",A67=Painel!$B$5)*OR(Painel!$E$5="(Todos)",P67=Painel!$E$5)),$J67+ROW()/10000000,"") | U67: =IF(AND($S67="VENCIDO",$K67="KG",OR(Painel!$B$5="(Todos)",A67=Painel!$B$5)*OR(Painel!$E$5="(Todos)",P67=Painel!$E$5)),$J67+ROW()/10000000,"")
A68: 922 | B68: TR-ZONE | C68: CRM-EZ-0075800-K15 | D68: A25354B31 | E68: 79 | F68: S | H68: 24.24 | I68: 46272 | J68: 24.24 | K68: KG | L68: 14 | N68: 9999 | P68: BR01 | Q68: =IFERROR(VALUE(L68),"") -> 14 | R68: =IF(O68="","",O68-TODAY()) | S68: =IF(C68="<< vazio >>","VAZIA",IF(AND(O68<>"",R68<0),"VENCIDO",IF(AND(O68<>"",R68<=Parametros!$B$10),"PRÓX. VENCIMENTO",IF(F68="Q","QUALIDADE",IF(F68="S","BLOQUEADO",IF(F68="R","RESTRITO/DEVOLUÇÃO",IF(OR(N68="QUAR",N68="QRES"),"QUARENTENA",IF(OR(B68="DESCARTE",B68="DEVOLUÇÃO"),"DESCARTE/DEVOLUÇÃO",IF(AND(D68="",K68<>""),"SEM LOTE",IF(AND(Q68<>"",Q68>=Parametros!$B$11),"PARADO/SEM GIRO","OK")))))))))) -> BLOQUEADO | T68: =IF(AND($S68="PARADO/SEM GIRO",$K68="KG",OR(Painel!$B$5="(Todos)",A68=Painel!$B$5)*OR(Painel!$E$5="(Todos)",P68=Painel!$E$5)),$J68+ROW()/10000000,"") | U68: =IF(AND($S68="VENCIDO",$K68="KG",OR(Painel!$B$5="(Todos)",A68=Painel!$B$5)*OR(Painel!$E$5="(Todos)",P68=Painel!$E$5)),$J68+ROW()/10000000,"")
A69: 922 | B69: TR-ZONE | C69: CRM-KB-0002618-E05 | D69: A25163-01 | E69: 79 | H69: 100 | I69: 46283 | J69: 100 | K69: KG | L69: 2 | N69: 9991 | P69: BR01 | Q69: =IFERROR(VALUE(L69),"") -> 2 | R69: =IF(O69="","",O69-TODAY()) | S69: =IF(C69="<< vazio >>","VAZIA",IF(AND(O69<>"",R69<0),"VENCIDO",IF(AND(O69<>"",R69<=Parametros!$B$10),"PRÓX. VENCIMENTO",IF(F69="Q","QUALIDADE",IF(F69="S","BLOQUEADO",IF(F69="R","RESTRITO/DEVOLUÇÃO",IF(OR(N69="QUAR",N69="QRES"),"QUARENTENA",IF(OR(B69="DESCARTE",B69="DEVOLUÇÃO"),"DESCARTE/DEVOLUÇÃO",IF(AND(D69="",K69<>""),"SEM LOTE",IF(AND(Q69<>"",Q69>=Parametros!$B$11),"PARADO/SEM GIRO","OK")))))))))) -> OK | T69: =IF(AND($S69="PARADO/SEM GIRO",$K69="KG",OR(Painel!$B$5="(Todos)",A69=Painel!$B$5)*OR(Painel!$E$5="(Todos)",P69=Painel!$E$5)),$J69+ROW()/10000000,"") | U69: =IF(AND($S69="VENCIDO",$K69="KG",OR(Painel!$B$5="(Todos)",A69=Painel!$B$5)*OR(Painel!$E$5="(Todos)",P69=Painel!$E$5)),$J69+ROW()/10000000,"")
A70: 922 | B70: TR-ZONE | C70: CRM-KB-0002618-E05 | D70: A25163-01 | E70: 79 | H70: -100 | I70: 46283 | J70: -100 | K70: KG | L70: 0 | N70: 9999 | P70: BR01 | Q70: =IFERROR(VALUE(L70),"") -> 0 | R70: =IF(O70="","",O70-TODAY()) | S70: =IF(C70="<< vazio >>","VAZIA",IF(AND(O70<>"",R70<0),"VENCIDO",IF(AND(O70<>"",R70<=Parametros!$B$10),"PRÓX. VENCIMENTO",IF(F70="Q","QUALIDADE",IF(F70="S","BLOQUEADO",IF(F70="R","RESTRITO/DEVOLUÇÃO",IF(OR(N70="QUAR",N70="QRES"),"QUARENTENA",IF(OR(B70="DESCARTE",B70="DEVOLUÇÃO"),"DESCARTE/DEVOLUÇÃO",IF(AND(D70="",K70<>""),"SEM LOTE",IF(AND(Q70<>"",Q70>=Parametros!$B$11),"PARADO/SEM GIRO","OK")))))))))) -> OK | T70: =IF(AND($S70="PARADO/SEM GIRO",$K70="KG",OR(Painel!$B$5="(Todos)",A70=Painel!$B$5)*OR(Painel!$E$5="(Todos)",P70=Painel!$E$5)),$J70+ROW()/10000000,"") | U70: =IF(AND($S70="VENCIDO",$K70="KG",OR(Painel!$B$5="(Todos)",A70=Painel!$B$5)*OR(Painel!$E$5="(Todos)",P70=Painel!$E$5)),$J70+ROW()/10000000,"")
A71: 922 | B71: TR-ZONE | C71: CRW-EZ-2002516-K16 | D71: A25191B31 | E71: 79 | H71: -229.6 | I71: 46285 | J71: -229.6 | K71: KG | L71: 0 | N71: 9999 | P71: BR01 | Q71: =IFERROR(VALUE(L71),"") -> 0 | R71: =IF(O71="","",O71-TODAY()) | S71: =IF(C71="<< vazio >>","VAZIA",IF(AND(O71<>"",R71<0),"VENCIDO",IF(AND(O71<>"",R71<=Parametros!$B$10),"PRÓX. VENCIMENTO",IF(F71="Q","QUALIDADE",IF(F71="S","BLOQUEADO",IF(F71="R","RESTRITO/DEVOLUÇÃO",IF(OR(N71="QUAR",N71="QRES"),"QUARENTENA",IF(OR(B71="DESCARTE",B71="DEVOLUÇÃO"),"DESCARTE/DEVOLUÇÃO",IF(AND(D71="",K71<>""),"SEM LOTE",IF(AND(Q71<>"",Q71>=Parametros!$B$11),"PARADO/SEM GIRO","OK")))))))))) -> OK | T71: =IF(AND($S71="PARADO/SEM GIRO",$K71="KG",OR(Painel!$B$5="(Todos)",A71=Painel!$B$5)*OR(Painel!$E$5="(Todos)",P71=Painel!$E$5)),$J71+ROW()/10000000,"") | U71: =IF(AND($S71="VENCIDO",$K71="KG",OR(Painel!$B$5="(Todos)",A71=Painel!$B$5)*OR(Painel!$E$5="(Todos)",P71=Painel!$E$5)),$J71+ROW()/10000000,"")
A72: 922 | B72: TR-ZONE | C72: CRW-EZ-2002516-K16 | D72: A25191B31 | E72: 79 | F72: S | H72: 229.6 | I72: 46285 | J72: 229.6 | K72: KG | L72: 0 | N72: 9999 | P72: BR01 | Q72: =IFERROR(VALUE(L72),"") -> 0 | R72: =IF(O72="","",O72-TODAY()) | S72: =IF(C72="<< vazio >>","VAZIA",IF(AND(O72<>"",R72<0),"VENCIDO",IF(AND(O72<>"",R72<=Parametros!$B$10),"PRÓX. VENCIMENTO",IF(F72="Q","QUALIDADE",IF(F72="S","BLOQUEADO",IF(F72="R","RESTRITO/DEVOLUÇÃO",IF(OR(N72="QUAR",N72="QRES"),"QUARENTENA",IF(OR(B72="DESCARTE",B72="DEVOLUÇÃO"),"DESCARTE/DEVOLUÇÃO",IF(AND(D72="",K72<>""),"SEM LOTE",IF(AND(Q72<>"",Q72>=Parametros!$B$11),"PARADO/SEM GIRO","OK")))))))))) -> BLOQUEADO | T72: =IF(AND($S72="PARADO/SEM GIRO",$K72="KG",OR(Painel!$B$5="(Todos)",A72=Painel!$B$5)*OR(Painel!$E$5="(Todos)",P72=Painel!$E$5)),$J72+ROW()/10000000,"") | U72: =IF(AND($S72="VENCIDO",$K72="KG",OR(Painel!$B$5="(Todos)",A72=Painel!$B$5)*OR(Painel!$E$5="(Todos)",P72=Painel!$E$5)),$J72+ROW()/10000000,"")
A73: 922 | B73: TR-ZONE | C73: DCP-10K108-B15 | D73: 2617131432 | E73: 79 | H73: 375 | I73: 46268 | J73: 375 | K73: KG | L73: 17 | N73: 9999 | P73: BR15 | Q73: =IFERROR(VALUE(L73),"") -> 17 | R73: =IF(O73="","",O73-TODAY()) | S73: =IF(C73="<< vazio >>","VAZIA",IF(AND(O73<>"",R73<0),"VENCIDO",IF(AND(O73<>"",R73<=Parametros!$B$10),"PRÓX. VENCIMENTO",IF(F73="Q","QUALIDADE",IF(F73="S","BLOQUEADO",IF(F73="R","RESTRITO/DEVOLUÇÃO",IF(OR(N73="QUAR",N73="QRES"),"QUARENTENA",IF(OR(B73="DESCARTE",B73="DEVOLUÇÃO"),"DESCARTE/DEVOLUÇÃO",IF(AND(D73="",K73<>""),"SEM LOTE",IF(AND(Q73<>"",Q73>=Parametros!$B$11),"PARADO/SEM GIRO","OK")))))))))) -> OK | T73: =IF(AND($S73="PARADO/SEM GIRO",$K73="KG",OR(Painel!$B$5="(Todos)",A73=Painel!$B$5)*OR(Painel!$E$5="(Todos)",P73=Painel!$E$5)),$J73+ROW()/10000000,"") | U73: =IF(AND($S73="VENCIDO",$K73="KG",OR(Painel!$B$5="(Todos)",A73=Painel!$B$5)*OR(Painel!$E$5="(Todos)",P73=Painel!$E$5)),$J73+ROW()/10000000,"")
A74: 922 | B74: TR-ZONE | C74: DCP-10R108-B15 | D74: 2618531431 | E74: 79 | H74: -2 | I74: 46266 | J74: -2 | K74: KG | L74: 0 | N74: 9999 | P74: BR15 | Q74: =IFERROR(VALUE(L74),"") -> 0 | R74: =IF(O74="","",O74-TODAY()) | S74: =IF(C74="<< vazio >>","VAZIA",IF(AND(O74<>"",R74<0),"VENCIDO",IF(AND(O74<>"",R74<=Parametros!$B$10),"PRÓX. VENCIMENTO",IF(F74="Q","QUALIDADE",IF(F74="S","BLOQUEADO",IF(F74="R","RESTRITO/DEVOLUÇÃO",IF(OR(N74="QUAR",N74="QRES"),"QUARENTENA",IF(OR(B74="DESCARTE",B74="DEVOLUÇÃO"),"DESCARTE/DEVOLUÇÃO",IF(AND(D74="",K74<>""),"SEM LOTE",IF(AND(Q74<>"",Q74>=Parametros!$B$11),"PARADO/SEM GIRO","OK")))))))))) -> OK | T74: =IF(AND($S74="PARADO/SEM GIRO",$K74="KG",OR(Painel!$B$5="(Todos)",A74=Painel!$B$5)*OR(Painel!$E$5="(Todos)",P74=Painel!$E$5)),$J74+ROW()/10000000,"") | U74: =IF(AND($S74="VENCIDO",$K74="KG",OR(Painel!$B$5="(Todos)",A74=Painel!$B$5)*OR(Painel!$E$5="(Todos)",P74=Painel!$E$5)),$J74+ROW()/10000000,"")
A75: 922 | B75: TR-ZONE | C75: DCP-10S107-711 | D75: 262143431 | E75: 79 | F75: S | H75: 2000 | I75: 46275 | J75: 2000 | K75: KG | L75: 10 | N75: 9999 | P75: BR15 | Q75: =IFERROR(VALUE(L75),"") -> 10 | R75: =IF(O75="","",O75-TODAY()) | S75: =IF(C75="<< vazio >>","VAZIA",IF(AND(O75<>"",R75<0),"VENCIDO",IF(AND(O75<>"",R75<=Parametros!$B$10),"PRÓX. VENCIMENTO",IF(F75="Q","QUALIDADE",IF(F75="S","BLOQUEADO",IF(F75="R","RESTRITO/DEVOLUÇÃO",IF(OR(N75="QUAR",N75="QRES"),"QUARENTENA",IF(OR(B75="DESCARTE",B75="DEVOLUÇÃO"),"DESCARTE/DEVOLUÇÃO",IF(AND(D75="",K75<>""),"SEM LOTE",IF(AND(Q75<>"",Q75>=Parametros!$B$11),"PARADO/SEM GIRO","OK")))))))))) -> BLOQUEADO | T75: =IF(AND($S75="PARADO/SEM GIRO",$K75="KG",OR(Painel!$B$5="(Todos)",A75=Painel!$B$5)*OR(Painel!$E$5="(Todos)",P75=Painel!$E$5)),$J75+ROW()/10000000,"") | U75: =IF(AND($S75="VENCIDO",$K75="KG",OR(Painel!$B$5="(Todos)",A75=Painel!$B$5)*OR(Painel!$E$5="(Todos)",P75=Painel!$E$5)),$J75+ROW()/10000000,"")
A76: 922 | B76: TR-ZONE | C76: DCP-10S108-K20 | D76: 2619131411 | E76: 79 | H76: 25 | I76: 46265 | J76: 25 | K76: KG | L76: 20 | N76: 9999 | O76: 46944 | P76: BR15 | Q76: =IFERROR(VALUE(L76),"") -> 20 | R76: =IF(O76="","",O76-TODAY()) -> 659 | S76: =IF(C76="<< vazio >>","VAZIA",IF(AND(O76<>"",R76<0),"VENCIDO",IF(AND(O76<>"",R76<=Parametros!$B$10),"PRÓX. VENCIMENTO",IF(F76="Q","QUALIDADE",IF(F76="S","BLOQUEADO",IF(F76="R","RESTRITO/DEVOLUÇÃO",IF(OR(N76="QUAR",N76="QRES"),"QUARENTENA",IF(OR(B76="DESCARTE",B76="DEVOLUÇÃO"),"DESCARTE/DEVOLUÇÃO",IF(AND(D76="",K76<>""),"SEM LOTE",IF(AND(Q76<>"",Q76>=Parametros!$B$11),"PARADO/SEM GIRO","OK")))))))))) -> OK | T76: =IF(AND($S76="PARADO/SEM GIRO",$K76="KG",OR(Painel!$B$5="(Todos)",A76=Painel!$B$5)*OR(Painel!$E$5="(Todos)",P76=Painel!$E$5)),$J76+ROW()/10000000,"") | U76: =IF(AND($S76="VENCIDO",$K76="KG",OR(Painel!$B$5="(Todos)",A76=Painel!$B$5)*OR(Painel!$E$5="(Todos)",P76=Painel!$E$5)),$J76+ROW()/10000000,"")
A77: 922 | B77: TR-ZONE | C77: DCP-20DECOR-E0-89B | D77: 240778131 | E77: 79 | H77: -432 | I77: 46285 | J77: -432 | K77: KG | L77: 0 | N77: 9999 | P77: BR01 | Q77: =IFERROR(VALUE(L77),"") -> 0 | R77: =IF(O77="","",O77-TODAY()) | S77: =IF(C77="<< vazio >>","VAZIA",IF(AND(O77<>"",R77<0),"VENCIDO",IF(AND(O77<>"",R77<=Parametros!$B$10),"PRÓX. VENCIMENTO",IF(F77="Q","QUALIDADE",IF(F77="S","BLOQUEADO",IF(F77="R","RESTRITO/DEVOLUÇÃO",IF(OR(N77="QUAR",N77="QRES"),"QUARENTENA",IF(OR(B77="DESCARTE",B77="DEVOLUÇÃO"),"DESCARTE/DEVOLUÇÃO",IF(AND(D77="",K77<>""),"SEM LOTE",IF(AND(Q77<>"",Q77>=Parametros!$B$11),"PARADO/SEM GIRO","OK")))))))))) -> OK | T77: =IF(AND($S77="PARADO/SEM GIRO",$K77="KG",OR(Painel!$B$5="(Todos)",A77=Painel!$B$5)*OR(Painel!$E$5="(Todos)",P77=Painel!$E$5)),$J77+ROW()/10000000,"") | U77: =IF(AND($S77="VENCIDO",$K77="KG",OR(Painel!$B$5="(Todos)",A77=Painel!$B$5)*OR(Painel!$E$5="(Todos)",P77=Painel!$E$5)),$J77+ROW()/10000000,"")
A78: 922 | B78: TR-ZONE | C78: DCP-20DECOR-E0-89B | D78: 240778131 | E78: 79 | F78: S | H78: 432 | I78: 46285 | J78: 432 | K78: KG | L78: 0 | N78: 9999 | P78: BR01 | Q78: =IFERROR(VALUE(L78),"") -> 0 | R78: =IF(O78="","",O78-TODAY()) | S78: =IF(C78="<< vazio >>","VAZIA",IF(AND(O78<>"",R78<0),"VENCIDO",IF(AND(O78<>"",R78<=Parametros!$B$10),"PRÓX. VENCIMENTO",IF(F78="Q","QUALIDADE",IF(F78="S","BLOQUEADO",IF(F78="R","RESTRITO/DEVOLUÇÃO",IF(OR(N78="QUAR",N78="QRES"),"QUARENTENA",IF(OR(B78="DESCARTE",B78="DEVOLUÇÃO"),"DESCARTE/DEVOLUÇÃO",IF(AND(D78="",K78<>""),"SEM LOTE",IF(AND(Q78<>"",Q78>=Parametros!$B$11),"PARADO/SEM GIRO","OK")))))))))) -> BLOQUEADO | T78: =IF(AND($S78="PARADO/SEM GIRO",$K78="KG",OR(Painel!$B$5="(Todos)",A78=Painel!$B$5)*OR(Painel!$E$5="(Todos)",P78=Painel!$E$5)),$J78+ROW()/10000000,"") | U78: =IF(AND($S78="VENCIDO",$K78="KG",OR(Painel!$B$5="(Todos)",A78=Painel!$B$5)*OR(Painel!$E$5="(Todos)",P78=Painel!$E$5)),$J78+ROW()/10000000,"")
A79: 922 | B79: TR-ZONE | C79: FWF-Z6CARA-D69 | D79: 252877804 | E79: 79 | H79: -365 | I79: 46283 | J79: -365 | K79: KG | L79: 0 | N79: 9999 | P79: BR01 | Q79: =IFERROR(VALUE(L79),"") -> 0 | R79: =IF(O79="","",O79-TODAY()) | S79: =IF(C79="<< vazio >>","VAZIA",IF(AND(O79<>"",R79<0),"VENCIDO",IF(AND(O79<>"",R79<=Parametros!$B$10),"PRÓX. VENCIMENTO",IF(F79="Q","QUALIDADE",IF(F79="S","BLOQUEADO",IF(F79="R","RESTRITO/DEVOLUÇÃO",IF(OR(N79="QUAR",N79="QRES"),"QUARENTENA",IF(OR(B79="DESCARTE",B79="DEVOLUÇÃO"),"DESCARTE/DEVOLUÇÃO",IF(AND(D79="",K79<>""),"SEM LOTE",IF(AND(Q79<>"",Q79>=Parametros!$B$11),"PARADO/SEM GIRO","OK")))))))))) -> OK | T79: =IF(AND($S79="PARADO/SEM GIRO",$K79="KG",OR(Painel!$B$5="(Todos)",A79=Painel!$B$5)*OR(Painel!$E$5="(Todos)",P79=Painel!$E$5)),$J79+ROW()/10000000,"") | U79: =IF(AND($S79="VENCIDO",$K79="KG",OR(Painel!$B$5="(Todos)",A79=Painel!$B$5)*OR(Painel!$E$5="(Todos)",P79=Painel!$E$5)),$J79+ROW()/10000000,"")
A80: 922 | B80: TR-ZONE | C80: FWF-Z6CARA-D69 | D80: 252877804 | E80: 79 | H80: 365 | I80: 46283 | J80: 365 | K80: KG | L80: 2 | N80: 9991 | P80: BR01 | Q80: =IFERROR(VALUE(L80),"") -> 2 | R80: =IF(O80="","",O80-TODAY()) | S80: =IF(C80="<< vazio >>","VAZIA",IF(AND(O80<>"",R80<0),"VENCIDO",IF(AND(O80<>"",R80<=Parametros!$B$10),"PRÓX. VENCIMENTO",IF(F80="Q","QUALIDADE",IF(F80="S","BLOQUEADO",IF(F80="R","RESTRITO/DEVOLUÇÃO",IF(OR(N80="QUAR",N80="QRES"),"QUARENTENA",IF(OR(B80="DESCARTE",B80="DEVOLUÇÃO"),"DESCARTE/DEVOLUÇÃO",IF(AND(D80="",K80<>""),"SEM LOTE",IF(AND(Q80<>"",Q80>=Parametros!$B$11),"PARADO/SEM GIRO","OK")))))))))) -> OK | T80: =IF(AND($S80="PARADO/SEM GIRO",$K80="KG",OR(Painel!$B$5="(Todos)",A80=Painel!$B$5)*OR(Painel!$E$5="(Todos)",P80=Painel!$E$5)),$J80+ROW()/10000000,"") | U80: =IF(AND($S80="VENCIDO",$K80="KG",OR(Painel!$B$5="(Todos)",A80=Painel!$B$5)*OR(Painel!$E$5="(Todos)",P80=Painel!$E$5)),$J80+ROW()/10000000,"")
A81: 922 | B81: TR-ZONE | C81: ILD-BL-7016144-A12 | D81: A25223-22 | E81: 79 | H81: -84 | I81: 46285 | J81: -84 | K81: KG | L81: 0 | N81: 9999 | P81: BR01 | Q81: =IFERROR(VALUE(L81),"") -> 0 | R81: =IF(O81="","",O81-TODAY()) | S81: =IF(C81="<< vazio >>","VAZIA",IF(AND(O81<>"",R81<0),"VENCIDO",IF(AND(O81<>"",R81<=Parametros!$B$10),"PRÓX. VENCIMENTO",IF(F81="Q","QUALIDADE",IF(F81="S","BLOQUEADO",IF(F81="R","RESTRITO/DEVOLUÇÃO",IF(OR(N81="QUAR",N81="QRES"),"QUARENTENA",IF(OR(B81="DESCARTE",B81="DEVOLUÇÃO"),"DESCARTE/DEVOLUÇÃO",IF(AND(D81="",K81<>""),"SEM LOTE",IF(AND(Q81<>"",Q81>=Parametros!$B$11),"PARADO/SEM GIRO","OK")))))))))) -> OK | T81: =IF(AND($S81="PARADO/SEM GIRO",$K81="KG",OR(Painel!$B$5="(Todos)",A81=Painel!$B$5)*OR(Painel!$E$5="(Todos)",P81=Painel!$E$5)),$J81+ROW()/10000000,"") | U81: =IF(AND($S81="VENCIDO",$K81="KG",OR(Painel!$B$5="(Todos)",A81=Painel!$B$5)*OR(Painel!$E$5="(Todos)",P81=Painel!$E$5)),$J81+ROW()/10000000,"")
A82: 922 | B82: TR-ZONE | C82: ILD-BL-7016144-A12 | D82: A25223-22 | E82: 79 | F82: S | H82: 84 | I82: 46285 | J82: 84 | K82: KG | L82: 0 | N82: 9999 | P82: BR01 | Q82: =IFERROR(VALUE(L82),"") -> 0 | R82: =IF(O82="","",O82-TODAY()) | S82: =IF(C82="<< vazio >>","VAZIA",IF(AND(O82<>"",R82<0),"VENCIDO",IF(AND(O82<>"",R82<=Parametros!$B$10),"PRÓX. VENCIMENTO",IF(F82="Q","QUALIDADE",IF(F82="S","BLOQUEADO",IF(F82="R","RESTRITO/DEVOLUÇÃO",IF(OR(N82="QUAR",N82="QRES"),"QUARENTENA",IF(OR(B82="DESCARTE",B82="DEVOLUÇÃO"),"DESCARTE/DEVOLUÇÃO",IF(AND(D82="",K82<>""),"SEM LOTE",IF(AND(Q82<>"",Q82>=Parametros!$B$11),"PARADO/SEM GIRO","OK")))))))))) -> BLOQUEADO | T82: =IF(AND($S82="PARADO/SEM GIRO",$K82="KG",OR(Painel!$B$5="(Todos)",A82=Painel!$B$5)*OR(Painel!$E$5="(Todos)",P82=Painel!$E$5)),$J82+ROW()/10000000,"") | U82: =IF(AND($S82="VENCIDO",$K82="KG",OR(Painel!$B$5="(Todos)",A82=Painel!$B$5)*OR(Painel!$E$5="(Todos)",P82=Painel!$E$5)),$J82+ROW()/10000000,"")
A83: 922 | B83: TR-ZONE | C83: ILD-KB-7011022-A17 | D83: A25011-02 | E83: 79 | H83: -740 | I83: 46285 | J83: -740 | K83: KG | L83: 0 | N83: 9999 | P83: BR01 | Q83: =IFERROR(VALUE(L83),"") -> 0 | R83: =IF(O83="","",O83-TODAY()) | S83: =IF(C83="<< vazio >>","VAZIA",IF(AND(O83<>"",R83<0),"VENCIDO",IF(AND(O83<>"",R83<=Parametros!$B$10),"PRÓX. VENCIMENTO",IF(F83="Q","QUALIDADE",IF(F83="S","BLOQUEADO",IF(F83="R","RESTRITO/DEVOLUÇÃO",IF(OR(N83="QUAR",N83="QRES"),"QUARENTENA",IF(OR(B83="DESCARTE",B83="DEVOLUÇÃO"),"DESCARTE/DEVOLUÇÃO",IF(AND(D83="",K83<>""),"SEM LOTE",IF(AND(Q83<>"",Q83>=Parametros!$B$11),"PARADO/SEM GIRO","OK")))))))))) -> OK | T83: =IF(AND($S83="PARADO/SEM GIRO",$K83="KG",OR(Painel!$B$5="(Todos)",A83=Painel!$B$5)*OR(Painel!$E$5="(Todos)",P83=Painel!$E$5)),$J83+ROW()/10000000,"") | U83: =IF(AND($S83="VENCIDO",$K83="KG",OR(Painel!$B$5="(Todos)",A83=Painel!$B$5)*OR(Painel!$E$5="(Todos)",P83=Painel!$E$5)),$J83+ROW()/10000000,"")
A84: 922 | B84: TR-ZONE | C84: ILD-KB-7011022-A17 | D84: A25011-02 | E84: 79 | F84: S | H84: 740 | I84: 46285 | J84: 740 | K84: KG | L84: 0 | N84: 9999 | P84: BR01 | Q84: =IFERROR(VALUE(L84),"") -> 0 | R84: =IF(O84="","",O84-TODAY()) | S84: =IF(C84="<< vazio >>","VAZIA",IF(AND(O84<>"",R84<0),"VENCIDO",IF(AND(O84<>"",R84<=Parametros!$B$10),"PRÓX. VENCIMENTO",IF(F84="Q","QUALIDADE",IF(F84="S","BLOQUEADO",IF(F84="R","RESTRITO/DEVOLUÇÃO",IF(OR(N84="QUAR",N84="QRES"),"QUARENTENA",IF(OR(B84="DESCARTE",B84="DEVOLUÇÃO"),"DESCARTE/DEVOLUÇÃO",IF(AND(D84="",K84<>""),"SEM LOTE",IF(AND(Q84<>"",Q84>=Parametros!$B$11),"PARADO/SEM GIRO","OK")))))))))) -> BLOQUEADO | T84: =IF(AND($S84="PARADO/SEM GIRO",$K84="KG",OR(Painel!$B$5="(Todos)",A84=Painel!$B$5)*OR(Painel!$E$5="(Todos)",P84=Painel!$E$5)),$J84+ROW()/10000000,"") | U84: =IF(AND($S84="VENCIDO",$K84="KG",OR(Painel!$B$5="(Todos)",A84=Painel!$B$5)*OR(Painel!$E$5="(Todos)",P84=Painel!$E$5)),$J84+ROW()/10000000,"")
A85: 922 | B85: TR-ZONE | C85: ILD-KB-7011022-A17 | D85: A25123-02 | E85: 79 | H85: -600 | I85: 46283 | J85: -600 | K85: KG | L85: 0 | N85: 9999 | P85: BR01 | Q85: =IFERROR(VALUE(L85),"") -> 0 | R85: =IF(O85="","",O85-TODAY()) | S85: =IF(C85="<< vazio >>","VAZIA",IF(AND(O85<>"",R85<0),"VENCIDO",IF(AND(O85<>"",R85<=Parametros!$B$10),"PRÓX. VENCIMENTO",IF(F85="Q","QUALIDADE",IF(F85="S","BLOQUEADO",IF(F85="R","RESTRITO/DEVOLUÇÃO",IF(OR(N85="QUAR",N85="QRES"),"QUARENTENA",IF(OR(B85="DESCARTE",B85="DEVOLUÇÃO"),"DESCARTE/DEVOLUÇÃO",IF(AND(D85="",K85<>""),"SEM LOTE",IF(AND(Q85<>"",Q85>=Parametros!$B$11),"PARADO/SEM GIRO","OK")))))))))) -> OK | T85: =IF(AND($S85="PARADO/SEM GIRO",$K85="KG",OR(Painel!$B$5="(Todos)",A85=Painel!$B$5)*OR(Painel!$E$5="(Todos)",P85=Painel!$E$5)),$J85+ROW()/10000000,"") | U85: =IF(AND($S85="VENCIDO",$K85="KG",OR(Painel!$B$5="(Todos)",A85=Painel!$B$5)*OR(Painel!$E$5="(Todos)",P85=Painel!$E$5)),$J85+ROW()/10000000,"")
A86: 922 | B86: TR-ZONE | C86: ILD-KB-7011022-A17 | D86: A25123-02 | E86: 79 | H86: 600 | I86: 46283 | J86: 600 | K86: KG | L86: 2 | N86: 9991 | P86: BR01 | Q86: =IFERROR(VALUE(L86),"") -> 2 | R86: =IF(O86="","",O86-TODAY()) | S86: =IF(C86="<< vazio >>","VAZIA",IF(AND(O86<>"",R86<0),"VENCIDO",IF(AND(O86<>"",R86<=Parametros!$B$10),"PRÓX. VENCIMENTO",IF(F86="Q","QUALIDADE",IF(F86="S","BLOQUEADO",IF(F86="R","RESTRITO/DEVOLUÇÃO",IF(OR(N86="QUAR",N86="QRES"),"QUARENTENA",IF(OR(B86="DESCARTE",B86="DEVOLUÇÃO"),"DESCARTE/DEVOLUÇÃO",IF(AND(D86="",K86<>""),"SEM LOTE",IF(AND(Q86<>"",Q86>=Parametros!$B$11),"PARADO/SEM GIRO","OK")))))))))) -> OK | T86: =IF(AND($S86="PARADO/SEM GIRO",$K86="KG",OR(Painel!$B$5="(Todos)",A86=Painel!$B$5)*OR(Painel!$E$5="(Todos)",P86=Painel!$E$5)),$J86+ROW()/10000000,"") | U86: =IF(AND($S86="VENCIDO",$K86="KG",OR(Painel!$B$5="(Todos)",A86=Painel!$B$5)*OR(Painel!$E$5="(Todos)",P86=Painel!$E$5)),$J86+ROW()/10000000,"")
A87: 922 | B87: TR-ZONE | C87: ILM-DR-0078805-039 | D87: A25140B31 | E87: 79 | H87: -1260 | I87: 46285 | J87: -1260 | K87: KG | L87: 0 | N87: 9999 | P87: BR01 | Q87: =IFERROR(VALUE(L87),"") -> 0 | R87: =IF(O87="","",O87-TODAY()) | S87: =IF(C87="<< vazio >>","VAZIA",IF(AND(O87<>"",R87<0),"VENCIDO",IF(AND(O87<>"",R87<=Parametros!$B$10),"PRÓX. VENCIMENTO",IF(F87="Q","QUALIDADE",IF(F87="S","BLOQUEADO",IF(F87="R","RESTRITO/DEVOLUÇÃO",IF(OR(N87="QUAR",N87="QRES"),"QUARENTENA",IF(OR(B87="DESCARTE",B87="DEVOLUÇÃO"),"DESCARTE/DEVOLUÇÃO",IF(AND(D87="",K87<>""),"SEM LOTE",IF(AND(Q87<>"",Q87>=Parametros!$B$11),"PARADO/SEM GIRO","OK")))))))))) -> OK | T87: =IF(AND($S87="PARADO/SEM GIRO",$K87="KG",OR(Painel!$B$5="(Todos)",A87=Painel!$B$5)*OR(Painel!$E$5="(Todos)",P87=Painel!$E$5)),$J87+ROW()/10000000,"") | U87: =IF(AND($S87="VENCIDO",$K87="KG",OR(Painel!$B$5="(Todos)",A87=Painel!$B$5)*OR(Painel!$E$5="(Todos)",P87=Painel!$E$5)),$J87+ROW()/10000000,"")
A88: 922 | B88: TR-ZONE | C88: ILM-DR-0078805-039 | D88: A25140B31 | E88: 79 | F88: S | H88: 1260 | I88: 46285 | J88: 1260 | K88: KG | L88: 0 | N88: 9999 | P88: BR01 | Q88: =IFERROR(VALUE(L88),"") -> 0 | R88: =IF(O88="","",O88-TODAY()) | S88: =IF(C88="<< vazio >>","VAZIA",IF(AND(O88<>"",R88<0),"VENCIDO",IF(AND(O88<>"",R88<=Parametros!$B$10),"PRÓX. VENCIMENTO",IF(F88="Q","QUALIDADE",IF(F88="S","BLOQUEADO",IF(F88="R","RESTRITO/DEVOLUÇÃO",IF(OR(N88="QUAR",N88="QRES"),"QUARENTENA",IF(OR(B88="DESCARTE",B88="DEVOLUÇÃO"),"DESCARTE/DEVOLUÇÃO",IF(AND(D88="",K88<>""),"SEM LOTE",IF(AND(Q88<>"",Q88>=Parametros!$B$11),"PARADO/SEM GIRO","OK")))))))))) -> BLOQUEADO | T88: =IF(AND($S88="PARADO/SEM GIRO",$K88="KG",OR(Painel!$B$5="(Todos)",A88=Painel!$B$5)*OR(Painel!$E$5="(Todos)",P88=Painel!$E$5)),$J88+ROW()/10000000,"") | U88: =IF(AND($S88="VENCIDO",$K88="KG",OR(Painel!$B$5="(Todos)",A88=Painel!$B$5)*OR(Painel!$E$5="(Todos)",P88=Painel!$E$5)),$J88+ROW()/10000000,"")
A89: 922 | B89: TR-ZONE | C89: ILM-DR-0078805-039 | D89: A25359B31 | E89: 79 | H89: -720 | I89: 46285 | J89: -720 | K89: KG | L89: 0 | N89: 9999 | P89: BR01 | Q89: =IFERROR(VALUE(L89),"") -> 0 | R89: =IF(O89="","",O89-TODAY()) | S89: =IF(C89="<< vazio >>","VAZIA",IF(AND(O89<>"",R89<0),"VENCIDO",IF(AND(O89<>"",R89<=Parametros!$B$10),"PRÓX. VENCIMENTO",IF(F89="Q","QUALIDADE",IF(F89="S","BLOQUEADO",IF(F89="R","RESTRITO/DEVOLUÇÃO",IF(OR(N89="QUAR",N89="QRES"),"QUARENTENA",IF(OR(B89="DESCARTE",B89="DEVOLUÇÃO"),"DESCARTE/DEVOLUÇÃO",IF(AND(D89="",K89<>""),"SEM LOTE",IF(AND(Q89<>"",Q89>=Parametros!$B$11),"PARADO/SEM GIRO","OK")))))))))) -> OK | T89: =IF(AND($S89="PARADO/SEM GIRO",$K89="KG",OR(Painel!$B$5="(Todos)",A89=Painel!$B$5)*OR(Painel!$E$5="(Todos)",P89=Painel!$E$5)),$J89+ROW()/10000000,"") | U89: =IF(AND($S89="VENCIDO",$K89="KG",OR(Painel!$B$5="(Todos)",A89=Painel!$B$5)*OR(Painel!$E$5="(Todos)",P89=Painel!$E$5)),$J89+ROW()/10000000,"")
A90: 922 | B90: TR-ZONE | C90: ILM-DR-0078805-039 | D90: A25359B31 | E90: 79 | F90: S | H90: 720 | I90: 46285 | J90: 720 | K90: KG | L90: 0 | N90: 9999 | P90: BR01 | Q90: =IFERROR(VALUE(L90),"") -> 0 | R90: =IF(O90="","",O90-TODAY()) | S90: =IF(C90="<< vazio >>","VAZIA",IF(AND(O90<>"",R90<0),"VENCIDO",IF(AND(O90<>"",R90<=Parametros!$B$10),"PRÓX. VENCIMENTO",IF(F90="Q","QUALIDADE",IF(F90="S","BLOQUEADO",IF(F90="R","RESTRITO/DEVOLUÇÃO",IF(OR(N90="QUAR",N90="QRES"),"QUARENTENA",IF(OR(B90="DESCARTE",B90="DEVOLUÇÃO"),"DESCARTE/DEVOLUÇÃO",IF(AND(D90="",K90<>""),"SEM LOTE",IF(AND(Q90<>"",Q90>=Parametros!$B$11),"PARADO/SEM GIRO","OK")))))))))) -> BLOQUEADO | T90: =IF(AND($S90="PARADO/SEM GIRO",$K90="KG",OR(Painel!$B$5="(Todos)",A90=Painel!$B$5)*OR(Painel!$E$5="(Todos)",P90=Painel!$E$5)),$J90+ROW()/10000000,"") | U90: =IF(AND($S90="VENCIDO",$K90="KG",OR(Painel!$B$5="(Todos)",A90=Painel!$B$5)*OR(Painel!$E$5="(Todos)",P90=Painel!$E$5)),$J90+ROW()/10000000,"")
A91: 922 | B91: TR-ZONE | C91: ILM-EZ-0075500-K15 | D91: A26004A21 | E91: 79 | H91: -0.22 | I91: 46272 | J91: -0.22 | K91: KG | L91: 0 | N91: 9999 | P91: BR01 | Q91: =IFERROR(VALUE(L91),"") -> 0 | R91: =IF(O91="","",O91-TODAY()) | S91: =IF(C91="<< vazio >>","VAZIA",IF(AND(O91<>"",R91<0),"VENCIDO",IF(AND(O91<>"",R91<=Parametros!$B$10),"PRÓX. VENCIMENTO",IF(F91="Q","QUALIDADE",IF(F91="S","BLOQUEADO",IF(F91="R","RESTRITO/DEVOLUÇÃO",IF(OR(N91="QUAR",N91="QRES"),"QUARENTENA",IF(OR(B91="DESCARTE",B91="DEVOLUÇÃO"),"DESCARTE/DEVOLUÇÃO",IF(AND(D91="",K91<>""),"SEM LOTE",IF(AND(Q91<>"",Q91>=Parametros!$B$11),"PARADO/SEM GIRO","OK")))))))))) -> OK | T91: =IF(AND($S91="PARADO/SEM GIRO",$K91="KG",OR(Painel!$B$5="(Todos)",A91=Painel!$B$5)*OR(Painel!$E$5="(Todos)",P91=Painel!$E$5)),$J91+ROW()/10000000,"") | U91: =IF(AND($S91="VENCIDO",$K91="KG",OR(Painel!$B$5="(Todos)",A91=Painel!$B$5)*OR(Painel!$E$5="(Todos)",P91=Painel!$E$5)),$J91+ROW()/10000000,"")
A92: 922 | B92: TR-ZONE | C92: ILM-EZ-0075500-K15 | D92: A26004A21 | E92: 79 | F92: S | H92: 0.22 | I92: 46272 | J92: 0.22 | K92: KG | L92: 14 | N92: 9999 | P92: BR01 | Q92: =IFERROR(VALUE(L92),"") -> 14 | R92: =IF(O92="","",O92-TODAY()) | S92: =IF(C92="<< vazio >>","VAZIA",IF(AND(O92<>"",R92<0),"VENCIDO",IF(AND(O92<>"",R92<=Parametros!$B$10),"PRÓX. VENCIMENTO",IF(F92="Q","QUALIDADE",IF(F92="S","BLOQUEADO",IF(F92="R","RESTRITO/DEVOLUÇÃO",IF(OR(N92="QUAR",N92="QRES"),"QUARENTENA",IF(OR(B92="DESCARTE",B92="DEVOLUÇÃO"),"DESCARTE/DEVOLUÇÃO",IF(AND(D92="",K92<>""),"SEM LOTE",IF(AND(Q92<>"",Q92>=Parametros!$B$11),"PARADO/SEM GIRO","OK")))))))))) -> BLOQUEADO | T92: =IF(AND($S92="PARADO/SEM GIRO",$K92="KG",OR(Painel!$B$5="(Todos)",A92=Painel!$B$5)*OR(Painel!$E$5="(Todos)",P92=Painel!$E$5)),$J92+ROW()/10000000,"") | U92: =IF(AND($S92="VENCIDO",$K92="KG",OR(Painel!$B$5="(Todos)",A92=Painel!$B$5)*OR(Painel!$E$5="(Todos)",P92=Painel!$E$5)),$J92+ROW()/10000000,"")
A93: 922 | B93: TR-ZONE | C93: ILW-EZ-2011023-K15 | D93: A25144B31 | E93: 79 | F93: S | H93: 12.12 | I93: 46271 | J93: 12.12 | K93: KG | L93: 14 | N93: 9999 | O93: 46166 | P93: BR01 | Q93: =IFERROR(VALUE(L93),"") -> 14 | R93: =IF(O93="","",O93-TODAY()) -> -119 | S93: =IF(C93="<< vazio >>","VAZIA",IF(AND(O93<>"",R93<0),"VENCIDO",IF(AND(O93<>"",R93<=Parametros!$B$10),"PRÓX. VENCIMENTO",IF(F93="Q","QUALIDADE",IF(F93="S","BLOQUEADO",IF(F93="R","RESTRITO/DEVOLUÇÃO",IF(OR(N93="QUAR",N93="QRES"),"QUARENTENA",IF(OR(B93="DESCARTE",B93="DEVOLUÇÃO"),"DESCARTE/DEVOLUÇÃO",IF(AND(D93="",K93<>""),"SEM LOTE",IF(AND(Q93<>"",Q93>=Parametros!$B$11),"PARADO/SEM GIRO","OK")))))))))) -> VENCIDO | T93: =IF(AND($S93="PARADO/SEM GIRO",$K93="KG",OR(Painel!$B$5="(Todos)",A93=Painel!$B$5)*OR(Painel!$E$5="(Todos)",P93=Painel!$E$5)),$J93+ROW()/10000000,"") | U93: =IF(AND($S93="VENCIDO",$K93="KG",OR(Painel!$B$5="(Todos)",A93=Painel!$B$5)*OR(Painel!$E$5="(Todos)",P93=Painel!$E$5)),$J93+ROW()/10000000,"") -> 12.120009
A94: 922 | B94: TR-ZONE | C94: ILW-EZ-2011023-K15 | D94: A25255B31 | E94: 79 | H94: -24.24 | I94: 46271 | J94: -24.24 | K94: KG | L94: 0 | N94: 9999 | P94: BR01 | Q94: =IFERROR(VALUE(L94),"") -> 0 | R94: =IF(O94="","",O94-TODAY()) | S94: =IF(C94="<< vazio >>","VAZIA",IF(AND(O94<>"",R94<0),"VENCIDO",IF(AND(O94<>"",R94<=Parametros!$B$10),"PRÓX. VENCIMENTO",IF(F94="Q","QUALIDADE",IF(F94="S","BLOQUEADO",IF(F94="R","RESTRITO/DEVOLUÇÃO",IF(OR(N94="QUAR",N94="QRES"),"QUARENTENA",IF(OR(B94="DESCARTE",B94="DEVOLUÇÃO"),"DESCARTE/DEVOLUÇÃO",IF(AND(D94="",K94<>""),"SEM LOTE",IF(AND(Q94<>"",Q94>=Parametros!$B$11),"PARADO/SEM GIRO","OK")))))))))) -> OK | T94: =IF(AND($S94="PARADO/SEM GIRO",$K94="KG",OR(Painel!$B$5="(Todos)",A94=Painel!$B$5)*OR(Painel!$E$5="(Todos)",P94=Painel!$E$5)),$J94+ROW()/10000000,"") | U94: =IF(AND($S94="VENCIDO",$K94="KG",OR(Painel!$B$5="(Todos)",A94=Painel!$B$5)*OR(Painel!$E$5="(Todos)",P94=Painel!$E$5)),$J94+ROW()/10000000,"")
A95: 922 | B95: TR-ZONE | C95: ILW-EZ-2011023-K15 | D95: A25255B31 | E95: 79 | F95: S | H95: 24.24 | I95: 46271 | J95: 24.24 | K95: KG | L95: 14 | N95: 9999 | P95: BR01 | Q95: =IFERROR(VALUE(L95),"") -> 14 | R95: =IF(O95="","",O95-TODAY()) | S95: =IF(C95="<< vazio >>","VAZIA",IF(AND(O95<>"",R95<0),"VENCIDO",IF(AND(O95<>"",R95<=Parametros!$B$10),"PRÓX. VENCIMENTO",IF(F95="Q","QUALIDADE",IF(F95="S","BLOQUEADO",IF(F95="R","RESTRITO/DEVOLUÇÃO",IF(OR(N95="QUAR",N95="QRES"),"QUARENTENA",IF(OR(B95="DESCARTE",B95="DEVOLUÇÃO"),"DESCARTE/DEVOLUÇÃO",IF(AND(D95="",K95<>""),"SEM LOTE",IF(AND(Q95<>"",Q95>=Parametros!$B$11),"PARADO/SEM GIRO","OK")))))))))) -> BLOQUEADO | T95: =IF(AND($S95="PARADO/SEM GIRO",$K95="KG",OR(Painel!$B$5="(Todos)",A95=Painel!$B$5)*OR(Painel!$E$5="(Todos)",P95=Painel!$E$5)),$J95+ROW()/10000000,"") | U95: =IF(AND($S95="VENCIDO",$K95="KG",OR(Painel!$B$5="(Todos)",A95=Painel!$B$5)*OR(Painel!$E$5="(Todos)",P95=Painel!$E$5)),$J95+ROW()/10000000,"")
A96: 922 | B96: TR-ZONE | C96: ILW-EZ-2016145-K15 | D96: A25258B21 | E96: 79 | H96: -193.92 | I96: 46278 | J96: -193.92 | K96: KG | L96: 0 | N96: 9991 | P96: BR01 | Q96: =IFERROR(VALUE(L96),"") -> 0 | R96: =IF(O96="","",O96-TODAY()) | S96: =IF(C96="<< vazio >>","VAZIA",IF(AND(O96<>"",R96<0),"VENCIDO",IF(AND(O96<>"",R96<=Parametros!$B$10),"PRÓX. VENCIMENTO",IF(F96="Q","QUALIDADE",IF(F96="S","BLOQUEADO",IF(F96="R","RESTRITO/DEVOLUÇÃO",IF(OR(N96="QUAR",N96="QRES"),"QUARENTENA",IF(OR(B96="DESCARTE",B96="DEVOLUÇÃO"),"DESCARTE/DEVOLUÇÃO",IF(AND(D96="",K96<>""),"SEM LOTE",IF(AND(Q96<>"",Q96>=Parametros!$B$11),"PARADO/SEM GIRO","OK")))))))))) -> OK | T96: =IF(AND($S96="PARADO/SEM GIRO",$K96="KG",OR(Painel!$B$5="(Todos)",A96=Painel!$B$5)*OR(Painel!$E$5="(Todos)",P96=Painel!$E$5)),$J96+ROW()/10000000,"") | U96: =IF(AND($S96="VENCIDO",$K96="KG",OR(Painel!$B$5="(Todos)",A96=Painel!$B$5)*OR(Painel!$E$5="(Todos)",P96=Painel!$E$5)),$J96+ROW()/10000000,"")
A97: 922 | B97: TR-ZONE | C97: ILW-EZ-2016145-K15 | D97: A25258B21 | E97: 79 | F97: S | H97: 193.92 | I97: 46278 | J97: 193.92 | K97: KG | L97: 14 | N97: 9991 | P97: BR01 | Q97: =IFERROR(VALUE(L97),"") -> 14 | R97: =IF(O97="","",O97-TODAY()) | S97: =IF(C97="<< vazio >>","VAZIA",IF(AND(O97<>"",R97<0),"VENCIDO",IF(AND(O97<>"",R97<=Parametros!$B$10),"PRÓX. VENCIMENTO",IF(F97="Q","QUALIDADE",IF(F97="S","BLOQUEADO",IF(F97="R","RESTRITO/DEVOLUÇÃO",IF(OR(N97="QUAR",N97="QRES"),"QUARENTENA",IF(OR(B97="DESCARTE",B97="DEVOLUÇÃO"),"DESCARTE/DEVOLUÇÃO",IF(AND(D97="",K97<>""),"SEM LOTE",IF(AND(Q97<>"",Q97>=Parametros!$B$11),"PARADO/SEM GIRO","OK")))))))))) -> BLOQUEADO | T97: =IF(AND($S97="PARADO/SEM GIRO",$K97="KG",OR(Painel!$B$5="(Todos)",A97=Painel!$B$5)*OR(Painel!$E$5="(Todos)",P97=Painel!$E$5)),$J97+ROW()/10000000,"") | U97: =IF(AND($S97="VENCIDO",$K97="KG",OR(Painel!$B$5="(Todos)",A97=Painel!$B$5)*OR(Painel!$E$5="(Todos)",P97=Painel!$E$5)),$J97+ROW()/10000000,"")
A98: 922 | B98: TR-ZONE | C98: ISM-DR-0001305-039 | D98: A26209B11 | E98: 79 | H98: -40 | I98: 46244 | J98: -40 | K98: KG | L98: 0 | N98: 9999 | P98: BR01 | Q98: =IFERROR(VALUE(L98),"") -> 0 | R98: =IF(O98="","",O98-TODAY()) | S98: =IF(C98="<< vazio >>","VAZIA",IF(AND(O98<>"",R98<0),"VENCIDO",IF(AND(O98<>"",R98<=Parametros!$B$10),"PRÓX. VENCIMENTO",IF(F98="Q","QUALIDADE",IF(F98="S","BLOQUEADO",IF(F98="R","RESTRITO/DEVOLUÇÃO",IF(OR(N98="QUAR",N98="QRES"),"QUARENTENA",IF(OR(B98="DESCARTE",B98="DEVOLUÇÃO"),"DESCARTE/DEVOLUÇÃO",IF(AND(D98="",K98<>""),"SEM LOTE",IF(AND(Q98<>"",Q98>=Parametros!$B$11),"PARADO/SEM GIRO","OK")))))))))) -> OK | T98: =IF(AND($S98="PARADO/SEM GIRO",$K98="KG",OR(Painel!$B$5="(Todos)",A98=Painel!$B$5)*OR(Painel!$E$5="(Todos)",P98=Painel!$E$5)),$J98+ROW()/10000000,"") | U98: =IF(AND($S98="VENCIDO",$K98="KG",OR(Painel!$B$5="(Todos)",A98=Painel!$B$5)*OR(Painel!$E$5="(Todos)",P98=Painel!$E$5)),$J98+ROW()/10000000,"")
A99: 922 | B99: TR-ZONE | C99: ISM-DR-0001305-039 | D99: A26209B11 | E99: 79 | F99: S | H99: 40 | I99: 46265 | J99: 40 | K99: KG | L99: 20 | N99: 9999 | O99: 46780 | P99: BR01 | Q99: =IFERROR(VALUE(L99),"") -> 20 | R99: =IF(O99="","",O99-TODAY()) -> 495 | S99: =IF(C99="<< vazio >>","VAZIA",IF(AND(O99<>"",R99<0),"VENCIDO",IF(AND(O99<>"",R99<=Parametros!$B$10),"PRÓX. VENCIMENTO",IF(F99="Q","QUALIDADE",IF(F99="S","BLOQUEADO",IF(F99="R","RESTRITO/DEVOLUÇÃO",IF(OR(N99="QUAR",N99="QRES"),"QUARENTENA",IF(OR(B99="DESCARTE",B99="DEVOLUÇÃO"),"DESCARTE/DEVOLUÇÃO",IF(AND(D99="",K99<>""),"SEM LOTE",IF(AND(Q99<>"",Q99>=Parametros!$B$11),"PARADO/SEM GIRO","OK")))))))))) -> BLOQUEADO | T99: =IF(AND($S99="PARADO/SEM GIRO",$K99="KG",OR(Painel!$B$5="(Todos)",A99=Painel!$B$5)*OR(Painel!$E$5="(Todos)",P99=Painel!$E$5)),$J99+ROW()/10000000,"") | U99: =IF(AND($S99="VENCIDO",$K99="KG",OR(Painel!$B$5="(Todos)",A99=Painel!$B$5)*OR(Painel!$E$5="(Todos)",P99=Painel!$E$5)),$J99+ROW()/10000000,"")
A100: 922 | B100: TR-ZONE | C100: NCB-HD706-BYEX-X55 | D100: 250200719 | E100: 79 | F100: S | H100: 4.4 | I100: 46274 | J100: 4.4 | K100: KG | L100: 11 | N100: 9999 | P100: BR01 | Q100: =IFERROR(VALUE(L100),"") -> 11 | R100: =IF(O100="","",O100-TODAY()) | S100: =IF(C100="<< vazio >>","VAZIA",IF(AND(O100<>"",R100<0),"VENCIDO",IF(AND(O100<>"",R100<=Parametros!$B$10),"PRÓX. VENCIMENTO",IF(F100="Q","QUALIDADE",IF(F100="S","BLOQUEADO",IF(F100="R","RESTRITO/DEVOLUÇÃO",IF(OR(N100="QUAR",N100="QRES"),"QUARENTENA",IF(OR(B100="DESCARTE",B100="DEVOLUÇÃO"),"DESCARTE/DEVOLUÇÃO",IF(AND(D100="",K100<>""),"SEM LOTE",IF(AND(Q100<>"",Q100>=Parametros!$B$11),"PARADO/SEM GIRO","OK")))))))))) -> BLOQUEADO | T100: =IF(AND($S100="PARADO/SEM GIRO",$K100="KG",OR(Painel!$B$5="(Todos)",A100=Painel!$B$5)*OR(Painel!$E$5="(Todos)",P100=Painel!$E$5)),$J100+ROW()/10000000,"") | U100: =IF(AND($S100="VENCIDO",$K100="KG",OR(Painel!$B$5="(Todos)",A100=Painel!$B$5)*OR(Painel!$E$5="(Todos)",P100=Painel!$E$5)),$J100+ROW()/10000000,"")
A101: 922 | B101: TR-ZONE | C101: NCB-HD706-BYEX-X55 | D101: 250220939 | E101: 79 | H101: 6.8 | I101: 46274 | J101: 6.8 | K101: KG | L101: 11 | N101: 9999 | P101: BR01 | Q101: =IFERROR(VALUE(L101),"") -> 11 | R101: =IF(O101="","",O101-TODAY()) | S101: =IF(C101="<< vazio >>","VAZIA",IF(AND(O101<>"",R101<0),"VENCIDO",IF(AND(O101<>"",R101<=Parametros!$B$10),"PRÓX. VENCIMENTO",IF(F101="Q","QUALIDADE",IF(F101="S","BLOQUEADO",IF(F101="R","RESTRITO/DEVOLUÇÃO",IF(OR(N101="QUAR",N101="QRES"),"QUARENTENA",IF(OR(B101="DESCARTE",B101="DEVOLUÇÃO"),"DESCARTE/DEVOLUÇÃO",IF(AND(D101="",K101<>""),"SEM LOTE",IF(AND(Q101<>"",Q101>=Parametros!$B$11),"PARADO/SEM GIRO","OK")))))))))) -> OK | T101: =IF(AND($S101="PARADO/SEM GIRO",$K101="KG",OR(Painel!$B$5="(Todos)",A101=Painel!$B$5)*OR(Painel!$E$5="(Todos)",P101=Painel!$E$5)),$J101+ROW()/10000000,"") | U101: =IF(AND($S101="VENCIDO",$K101="KG",OR(Painel!$B$5="(Todos)",A101=Painel!$B$5)*OR(Painel!$E$5="(Todos)",P101=Painel!$E$5)),$J101+ROW()/10000000,"")
A102: 922 | B102: TR-ZONE | C102: SPLIT-9-D-413 | D102: 252156201 | E102: 79 | H102: 120 | I102: 46270 | J102: 120 | K102: KG | L102: 15 | N102: 9999 | P102: BR01 | Q102: =IFERROR(VALUE(L102),"") -> 15 | R102: =IF(O102="","",O102-TODAY()) | S102: =IF(C102="<< vazio >>","VAZIA",IF(AND(O102<>"",R102<0),"VENCIDO",IF(AND(O102<>"",R102<=Parametros!$B$10),"PRÓX. VENCIMENTO",IF(F102="Q","QUALIDADE",IF(F102="S","BLOQUEADO",IF(F102="R","RESTRITO/DEVOLUÇÃO",IF(OR(N102="QUAR",N102="QRES"),"QUARENTENA",IF(OR(B102="DESCARTE",B102="DEVOLUÇÃO"),"DESCARTE/DEVOLUÇÃO",IF(AND(D102="",K102<>""),"SEM LOTE",IF(AND(Q102<>"",Q102>=Parametros!$B$11),"PARADO/SEM GIRO","OK")))))))))) -> OK | T102: =IF(AND($S102="PARADO/SEM GIRO",$K102="KG",OR(Painel!$B$5="(Todos)",A102=Painel!$B$5)*OR(Painel!$E$5="(Todos)",P102=Painel!$E$5)),$J102+ROW()/10000000,"") | U102: =IF(AND($S102="VENCIDO",$K102="KG",OR(Painel!$B$5="(Todos)",A102=Painel!$B$5)*OR(Painel!$E$5="(Todos)",P102=Painel!$E$5)),$J102+ROW()/10000000,"")
...

Sheet Parametros
A1: Parâmetros do Dashboard — Estoque LX03
A2: Aba de configuração. As células amarelas podem ser editadas; o resto é gerado automaticamente pelo script a cada atualização.
A4: DADOS DA ÚLTIMA CARGA
A5: Última atualização (data/hora) | B5: 20/09/2026 21:12
A6: Arquivo de origem (SAP) | B6: lx03_2026-09-20.xlsx
A7: Posições carregadas | B7: =COUNTA(Dados_SAP!$A$2:$A$10543) -> 10537
A9: PARÂMETROS DE ALERTA (edite se necessário)
A10: Dias p/ alertar 'Próx. Vencimento' | B10: 60
A11: Dias sem movimento p/ 'Parado/Sem Giro' | B11: 90
E12: LISTAS PARA OS FILTROS DO PAINEL (geradas automaticamente a cada atualização)
E13: Código | F13: Descrição (preencher) | H13: Centro | I13: Alerta
E14: (Todos) | H14: (Todos) | I14: (Todos)
E15: 910 | H15: BR01 | I15: VENCIDO
E16: 911 | H16: BR15 | I16: PRÓX. VENCIMENTO
E17: 917 | I17: QUALIDADE
E18: 922 | I18: BLOQUEADO
E19: DCK | I19: RESTRITO/DEVOLUÇÃO
E20: DIF | I20: QUARENTENA
E21: FGF | I21: DESCARTE/DEVOLUÇÃO
E22: FLR | I22: SEM LOTE
E23: FM1 | I23: PARADO/SEM GIRO
E24: OFF | I24: OK
E25: OPK | I25: VAZIA
E26: PK1
E27: PK2
E28: PK3
E29: PR1
E30: PR2
E31: PR9
E32: PRF
E33: REB
E34: REC
E35: REP
E36: RET
E37: RM1
... E41: ↑ preencha a coluna F com o nome de negócio de cada código (ex.: FM1 = Produto Acabado 1) — aparece só aqui, é sua referência.

Sheet Leia-me
A1: Dashboard de Estoque LX03 — Como Usar
A4: O que é este arquivo
A5: Este dashboard lê o export da transação SAP LX03 (estoque por posição no depósito) e organiza tudo em indicadores, gráficos e uma lista de pontos de atenção, prontos para acompanhamento operacional e apresentação à diretoria.
A7: Como atualizar todos os dias
A8: 1. No SAP, rode a LX03 e exporte para Excel. 2. Salve o arquivo em lx03/entrada/ (pode sobrescrever o de ontem). 3. Rode: python lx03/scripts/atualizar_dashboard.py lx03/entrada/NOME_DO_ARQUIVO.xlsx 4. Pronto — o script reescreve lx03/dashboard/Dashboard_Estoque_LX03.xlsx com os dados novos, guarda uma cópia em lx03/historico/ e gera um PDF em lx03/relatorios_pdf/.
A10: Aba Painel
A11: Filtros no topo (Tipo de Depósito, Centro, Alerta) — tudo abaixo (indicadores, tabela de pontos de atenção, gráficos e os Top 10) recalcula sozinho ao trocar os filtros.
A13: Aba Pontos_de_Atencao
A14: Lista fixa (sem filtro) com todos os pontos que precisam de acompanhamento, o que cada um significa, quanto pesa em kg/%, a severidade e a ação recomendada. É a aba pensada para levar pronta a uma reunião de diretoria.
A16: Aba Dados_SAP
A17: Base bruta importada do SAP + colunas de apoio (Alerta, dias até vencer, dias sem giro). Tem filtro automático do Excel em cada coluna (ícone de funil no cabeçalho) para quem quiser investigar posição por posição.
A19: Aba Parametros
... A29: Veja a seção de ideias de evolução enviada junto com este dashboard (agendamento automático, alerta por e-mail, histórico de tendência mês a mês, integração direta com o SAP, etc.).
